,promotion_id,promotion_name,promotion_type,description,start_date,end_date,discount_amount,max_discount,min_purchase_amount,promotion_code,is_active
0,0,Ưu đãi Giới thiệu bạn bè Cùng ứng dụng,Exclusive Deal,Khách hàng tham gia chương trình Ưu đãi Giới thiệu bạn bè Cùng ứng dụng sẽ nhận được Exclusive Deal 7% khi thực hiện 7 giao dịch. Áp dụng từ 4/08/2023 đến 30/08/2023. Đừng bỏ lỡ cơ hội nhận Exclusive Deal lớn nhất từ chưa từng có!,2022-07-06,2022-08-02,60000,300000,480000,PROMO8737,False
1,1,Ưu đãi Linh hoạt thanh toán Cùng ứng dụng,Cashback,Khách hàng tham gia chương trình Ưu đãi Linh hoạt thanh toán Cùng ứng dụng sẽ nhận được Cashback 20% khi thực hiện 3 giao dịch. Áp dụng từ 27/08/2023 đến 30/08/2023. Đừng bỏ lỡ cơ hội nhận Cashback lớn nhất từ chưa từng có!,2021-02-21,2021-03-09,130000,260000,130000,PROMO8297,False
2,2,Ưu đãi Đầu tư Thảm đỏ Cùng ứng dụng,Exclusive Deal,Khách hàng tham gia chương trình Ưu đãi Đầu tư Thảm đỏ Cùng ứng dụng sẽ nhận được Exclusive Deal 8% khi thực hiện 8 giao dịch. Áp dụng từ 1/08/2023 đến 29/08/2023. Đừng bỏ lỡ cơ hội nhận Exclusive Deal lớn nhất từ chưa từng có!,2020-05-07,2020-05-10,100000,200000,160000,PROMO7245,True
3,3,Ưu đãi Quà tặng với Thẻ tín dụng Cùng ứng dụng,Discount,Khách hàng tham gia chương trình Ưu đãi Quà tặng với Thẻ tín dụng Cùng ứng dụng sẽ nhận được Discount 12% khi thực hiện 10 giao dịch. Áp dụng từ 16/08/2023 đến 31/08/2023. Đừng bỏ lỡ cơ hội nhận Discount lớn nhất từ chưa từng có!,2021-08-29,2021-09-08,60000,240000,200000,PROMO4782,True
4,4,Ưu đãi Hoàn tiền 10% cho thành viên mới Cùng ứng dụng,Special Offer,Khách hàng tham gia chương trình Ưu đãi Hoàn tiền 10% cho thành viên mới Cùng ứng dụng sẽ nhận được Special Offer 5% khi thực hiện 9 giao dịch. Áp dụng từ 27/08/2023 đến 31/08/2023. Đừng bỏ lỡ cơ hội nhận Special Offer lớn nhất từ chưa từng có!,2020-06-23,2020-07-16,10000,20000,210000,PROMO4045,False
5,5,Ưu đãi Vay online Cùng ứng dụng,Free Gift,Khách hàng tham gia chương trình Ưu đãi Vay online Cùng ứng dụng sẽ nhận được Free Gift 18% khi thực hiện 6 giao dịch. Áp dụng từ 10/08/2023 đến 30/08/2023. Đừng bỏ lỡ cơ hội nhận Free Gift lớn nhất từ chưa từng có!,2020-05-01,2020-05-22,20000,100000,170000,PROMO9278,False
6,6,Ưu đãi Trả góp 0% lãi suất Cùng ứng dụng,Discount,Khách hàng tham gia chương trình Ưu đãi Trả góp 0% lãi suất Cùng ứng dụng sẽ nhận được Discount 20% khi thực hiện 6 giao dịch. Áp dụng từ 24/08/2023 đến 30/08/2023. Đừng bỏ lỡ cơ hội nhận Discount lớn nhất từ chưa từng có!,2020-11-09,2020-11-25,80000,240000,110000,PROMO7014,False
7,7,Ưu đãi Chào mừng Cùng ứng dụng,Flash Sale,Khách hàng tham gia chương trình Ưu đãi Chào mừng Cùng ứng dụng sẽ nhận được Flash Sale 8% khi thực hiện 5 giao dịch. Áp dụng từ 17/08/2023 đến 30/08/2023. Đừng bỏ lỡ cơ hội nhận Flash Sale lớn nhất từ chưa từng có!,2022-02-10,2022-02-24,190000,950000,250000,PROMO1484,False
8,8,Ưu đãi Tiết kiệm Cùng ứng dụng,Special Offer,Khách hàng tham gia chương trình Ưu đãi Tiết kiệm Cùng ứng dụng sẽ nhận được Special Offer 17% khi thực hiện 5 giao dịch. Áp dụng từ 6/08/2023 đến 31/08/2023. Đừng bỏ lỡ cơ hội nhận Special Offer lớn nhất từ chưa từng có!,2022-07-12,2022-07-22,60000,120000,230000,PROMO4268,True
9,9,Ưu đãi Tặng voucher mua sắm Cùng ứng dụng,Membership Reward,Khách hàng tham gia chương trình Ưu đãi Tặng voucher mua sắm Cùng ứng dụng sẽ nhận được Membership Reward 16% khi thực hiện 8 giao dịch. Áp dụng từ 15/08/2023 đến 30/08/2023. Đừng bỏ lỡ cơ hội nhận Membership Reward lớn nhất từ chưa từng có!,2021-09-22,2021-10-16,120000,240000,470000,PROMO7286,True
10,10,Ưu đãi Ưu đãi Tín dụng độc quyền Cùng ứng dụng,Membership Reward,Khách hàng tham gia chương trình Ưu đãi Ưu đãi Tín dụng độc quyền Cùng ứng dụng sẽ nhận được Membership Reward 11% khi thực hiện 9 giao dịch. Áp dụng từ 2/08/2023 đến 30/08/2023. Đừng bỏ lỡ cơ hội nhận Membership Reward lớn nhất từ chưa từng có!,2022-05-14,2022-06-13,150000,600000,90000,PROMO4274,False
11,11,Ưu đãi Giải quyết nhanh Cùng ứng dụng,Free Gift,Khách hàng tham gia chương trình Ưu đãi Giải quyết nhanh Cùng ứng dụng sẽ nhận được Free Gift 18% khi thực hiện 8 giao dịch. Áp dụng từ 1/08/2023 đến 31/08/2023. Đừng bỏ lỡ cơ hội nhận Free Gift lớn nhất từ chưa từng có!,2022-03-23,2022-04-12,100000,400000,350000,PROMO8506,True
12,12,Ưu đãi Đầu tư Thảm đỏ Cùng ứng dụng,Loyalty Reward,Khách hàng tham gia chương trình Ưu đãi Đầu tư Thảm đỏ Cùng ứng dụng sẽ nhận được Loyalty Reward 10% khi thực hiện 4 giao dịch. Áp dụng từ 26/08/2023 đến 31/08/2023. Đừng bỏ lỡ cơ hội nhận Loyalty Reward lớn nhất từ chưa từng có!,2021-11-05,2021-12-03,10000,40000,270000,PROMO1531,True
13,13,Ưu đãi Chào mừng Cùng ứng dụng,Discount,Khách hàng tham gia chương trình Ưu đãi Chào mừng Cùng ứng dụng sẽ nhận được Discount 19% khi thực hiện 3 giao dịch. Áp dụng từ 25/08/2023 đến 30/08/2023. Đừng bỏ lỡ cơ hội nhận Discount lớn nhất từ chưa từng có!,2020-05-06,2020-05-16,140000,560000,460000,PROMO2793,True
14,14,Ưu đãi Cùng nhau gửi tiết kiệm Cùng ứng dụng,Special Offer,Khách hàng tham gia chương trình Ưu đãi Cùng nhau gửi tiết kiệm Cùng ứng dụng sẽ nhận được Special Offer 7% khi thực hiện 5 giao dịch. Áp dụng từ 6/08/2023 đến 30/08/2023. Đừng bỏ lỡ cơ hội nhận Special Offer lớn nhất từ chưa từng có!,2022-06-13,2022-07-02,100000,300000,120000,PROMO5471,False
15,15,Ưu đãi Hoàn tiền 10% cho thành viên mới Cùng ứng dụng,Free Gift,Khách hàng tham gia chương trình Ưu đãi Hoàn tiền 10% cho thành viên mới Cùng ứng dụng sẽ nhận được Free Gift 20% khi thực hiện 10 giao dịch. Áp dụng từ 4/08/2023 đến 29/08/2023. Đừng bỏ lỡ cơ hội nhận Free Gift lớn nhất từ chưa từng có!,2022-01-11,2022-01-23,20000,100000,50000,PROMO6625,False
16,16,Ưu đãi Linh hoạt thanh toán Cùng ứng dụng,Special Offer,Khách hàng tham gia chương trình Ưu đãi Linh hoạt thanh toán Cùng ứng dụng sẽ nhận được Special Offer 8% khi thực hiện 7 giao dịch. Áp dụng từ 24/08/2023 đến 31/08/2023. Đừng bỏ lỡ cơ hội nhận Special Offer lớn nhất từ chưa từng có!,2022-01-06,2022-01-15,180000,900000,130000,PROMO1341,True
17,17,Ưu đãi Mua sắm Cùng ứng dụng,Points Redemption,Khách hàng tham gia chương trình Ưu đãi Mua sắm Cùng ứng dụng sẽ nhận được Points Redemption 9% khi thực hiện 3 giao dịch. Áp dụng từ 24/08/2023 đến 29/08/2023. Đừng bỏ lỡ cơ hội nhận Points Redemption lớn nhất từ chưa từng có!,2020-11-23,2020-12-10,140000,700000,470000,PROMO9924,True
18,18,Ưu đãi Ưu đãi Tín dụng độc quyền Cùng ứng dụng,Flash Sale,Khách hàng tham gia chương trình Ưu đãi Ưu đãi Tín dụng độc quyền Cùng ứng dụng sẽ nhận được Flash Sale 12% khi thực hiện 3 giao dịch. Áp dụng từ 13/08/2023 đến 31/08/2023. Đừng bỏ lỡ cơ hội nhận Flash Sale lớn nhất từ chưa từng có!,2020-12-27,2021-01-17,90000,360000,350000,PROMO7984,True
19,19,Ưu đãi Mở tài khoản Cùng ứng dụng,Loyalty Reward,Khách hàng tham gia chương trình Ưu đãi Mở tài khoản Cùng ứng dụng sẽ nhận được Loyalty Reward 11% khi thực hiện 3 giao dịch. Áp dụng từ 10/08/2023 đến 29/08/2023. Đừng bỏ lỡ cơ hội nhận Loyalty Reward lớn nhất từ chưa từng có!,2022-07-09,2022-08-08,80000,160000,80000,PROMO6084,False
20,20,Ưu đãi Thanh toán QR Pay Cùng ứng dụng,Points Redemption,Khách hàng tham gia chương trình Ưu đãi Thanh toán QR Pay Cùng ứng dụng sẽ nhận được Points Redemption 13% khi thực hiện 5 giao dịch. Áp dụng từ 1/08/2023 đến 31/08/2023. Đừng bỏ lỡ cơ hội nhận Points Redemption lớn nhất từ chưa từng có!,2022-03-01,2022-03-31,70000,140000,260000,PROMO4565,False
21,21,Ưu đãi Thanh toán QR Pay Cùng ứng dụng,Exclusive Deal,Khách hàng tham gia chương trình Ưu đãi Thanh toán QR Pay Cùng ứng dụng sẽ nhận được Exclusive Deal 6% khi thực hiện 9 giao dịch. Áp dụng từ 7/08/2023 đến 30/08/2023. Đừng bỏ lỡ cơ hội nhận Exclusive Deal lớn nhất từ chưa từng có!,2020-11-02,2020-11-08,180000,540000,80000,PROMO8093,True
22,22,Ưu đãi Giải quyết nhanh Cùng ứng dụng,Cashback,Khách hàng tham gia chương trình Ưu đãi Giải quyết nhanh Cùng ứng dụng sẽ nhận được Cashback 17% khi thực hiện 7 giao dịch. Áp dụng từ 17/08/2023 đến 30/08/2023. Đừng bỏ lỡ cơ hội nhận Cashback lớn nhất từ chưa từng có!,2020-07-03,2020-07-06,50000,200000,290000,PROMO7591,False
23,23,Ưu đãi Mua sắm Cùng ứng dụng,Loyalty Reward,Khách hàng tham gia chương trình Ưu đãi Mua sắm Cùng ứng dụng sẽ nhận được Loyalty Reward 11% khi thực hiện 8 giao dịch. Áp dụng từ 26/08/2023 đến 31/08/2023. Đừng bỏ lỡ cơ hội nhận Loyalty Reward lớn nhất từ chưa từng có!,2022-04-29,2022-05-27,180000,540000,480000,PROMO6555,False
24,24,Ưu đãi Linh hoạt thanh toán Cùng ứng dụng,Special Offer,Khách hàng tham gia chương trình Ưu đãi Linh hoạt thanh toán Cùng ứng dụng sẽ nhận được Special Offer 8% khi thực hiện 9 giao dịch. Áp dụng từ 18/08/2023 đến 30/08/2023. Đừng bỏ lỡ cơ hội nhận Special Offer lớn nhất từ chưa từng có!,2021-12-04,2022-01-02,130000,650000,310000,PROMO9724,True
25,25,Ưu đãi Chào mừng Cùng ứng dụng,Discount,Khách hàng tham gia chương trình Ưu đãi Chào mừng Cùng ứng dụng sẽ nhận được Discount 7% khi thực hiện 5 giao dịch. Áp dụng từ 6/08/2023 đến 29/08/2023. Đừng bỏ lỡ cơ hội nhận Discount lớn nhất từ chưa từng có!,2020-07-30,2020-08-19,170000,510000,460000,PROMO5391,False
26,26,Ưu đãi Nhận coupon giảm giá Cùng ứng dụng,Membership Reward,Khách hàng tham gia chương trình Ưu đãi Nhận coupon giảm giá Cùng ứng dụng sẽ nhận được Membership Reward 13% khi thực hiện 8 giao dịch. Áp dụng từ 11/08/2023 đến 30/08/2023. Đừng bỏ lỡ cơ hội nhận Membership Reward lớn nhất từ chưa từng có!,2022-11-18,2022-11-24,190000,760000,200000,PROMO4853,False
27,27,Ưu đãi Giới thiệu bạn bè Cùng ứng dụng,Exclusive Deal,Khách hàng tham gia chương trình Ưu đãi Giới thiệu bạn bè Cùng ứng dụng sẽ nhận được Exclusive Deal 8% khi thực hiện 8 giao dịch. Áp dụng từ 2/08/2023 đến 30/08/2023. Đừng bỏ lỡ cơ hội nhận Exclusive Deal lớn nhất từ chưa từng có!,2020-07-24,2020-07-29,10000,50000,90000,PROMO3413,True
28,28,Ưu đãi Phí giao dịch 0 đồng Cùng ứng dụng,Cashback,Khách hàng tham gia chương trình Ưu đãi Phí giao dịch 0 đồng Cùng ứng dụng sẽ nhận được Cashback 17% khi thực hiện 4 giao dịch. Áp dụng từ 19/08/2023 đến 31/08/2023. Đừng bỏ lỡ cơ hội nhận Cashback lớn nhất từ chưa từng có!,2020-01-30,2020-02-09,160000,320000,390000,PROMO5370,False
29,29,Ưu đãi Mở tài khoản Cùng ứng dụng,Exclusive Deal,Khách hàng tham gia chương trình Ưu đãi Mở tài khoản Cùng ứng dụng sẽ nhận được Exclusive Deal 8% khi thực hiện 10 giao dịch. Áp dụng từ 9/08/2023 đến 29/08/2023. Đừng bỏ lỡ cơ hội nhận Exclusive Deal lớn nhất từ chưa từng có!,2020-04-19,2020-05-17,80000,160000,310000,PROMO5845,True
30,30,Ưu đãi Nhận coupon giảm giá Cùng ứng dụng,Discount,Khách hàng tham gia chương trình Ưu đãi Nhận coupon giảm giá Cùng ứng dụng sẽ nhận được Discount 7% khi thực hiện 9 giao dịch. Áp dụng từ 4/08/2023 đến 29/08/2023. Đừng bỏ lỡ cơ hội nhận Discount lớn nhất từ chưa từng có!,2022-08-10,2022-08-19,90000,270000,270000,PROMO7897,True
31,31,Ưu đãi Vay online Cùng ứng dụng,Flash Sale,Khách hàng tham gia chương trình Ưu đãi Vay online Cùng ứng dụng sẽ nhận được Flash Sale 10% khi thực hiện 6 giao dịch. Áp dụng từ 6/08/2023 đến 31/08/2023. Đừng bỏ lỡ cơ hội nhận Flash Sale lớn nhất từ chưa từng có!,2022-06-26,2022-07-26,100000,200000,80000,PROMO8128,False
32,32,"Ưu đãi Voucher 500,000 VND cho mỗi lần giao dịch Cùng ứng dụng",Special Offer,"Khách hàng tham gia chương trình Ưu đãi Voucher 500,000 VND cho mỗi lần giao dịch Cùng ứng dụng sẽ nhận được Special Offer 13% khi thực hiện 10 giao dịch. Áp dụng từ 11/08/2023 đến 29/08/2023. Đừng bỏ lỡ cơ hội nhận Special Offer lớn nhất từ chưa từng có!",2020-08-05,2020-08-14,80000,320000,280000,PROMO1649,True
33,33,Ưu đãi Mua sắm Cùng ứng dụng,Special Offer,Khách hàng tham gia chương trình Ưu đãi Mua sắm Cùng ứng dụng sẽ nhận được Special Offer 15% khi thực hiện 10 giao dịch. Áp dụng từ 13/08/2023 đến 30/08/2023. Đừng bỏ lỡ cơ hội nhận Special Offer lớn nhất từ chưa từng có!,2022-08-27,2022-09-11,50000,100000,320000,PROMO2051,False
34,34,Ưu đãi Nhận coupon giảm giá Cùng ứng dụng,Flash Sale,Khách hàng tham gia chương trình Ưu đãi Nhận coupon giảm giá Cùng ứng dụng sẽ nhận được Flash Sale 8% khi thực hiện 7 giao dịch. Áp dụng từ 7/08/2023 đến 31/08/2023. Đừng bỏ lỡ cơ hội nhận Flash Sale lớn nhất từ chưa từng có!,2020-10-19,2020-11-15,60000,300000,240000,PROMO6829,False
35,35,Ưu đãi Thanh toán QR Pay Cùng ứng dụng,Membership Reward,Khách hàng tham gia chương trình Ưu đãi Thanh toán QR Pay Cùng ứng dụng sẽ nhận được Membership Reward 11% khi thực hiện 7 giao dịch. Áp dụng từ 7/08/2023 đến 29/08/2023. Đừng bỏ lỡ cơ hội nhận Membership Reward lớn nhất từ chưa từng có!,2021-10-04,2021-10-18,70000,140000,130000,PROMO5600,True
36,36,Ưu đãi Hoàn tiền 10% cho thành viên mới Cùng ứng dụng,Cashback,Khách hàng tham gia chương trình Ưu đãi Hoàn tiền 10% cho thành viên mới Cùng ứng dụng sẽ nhận được Cashback 15% khi thực hiện 6 giao dịch. Áp dụng từ 13/08/2023 đến 30/08/2023. Đừng bỏ lỡ cơ hội nhận Cashback lớn nhất từ chưa từng có!,2022-05-20,2022-05-24,10000,40000,390000,PROMO4060,False
37,37,Ưu đãi Trả góp 0% lãi suất Cùng ứng dụng,Special Offer,Khách hàng tham gia chương trình Ưu đãi Trả góp 0% lãi suất Cùng ứng dụng sẽ nhận được Special Offer 12% khi thực hiện 8 giao dịch. Áp dụng từ 4/08/2023 đến 31/08/2023. Đừng bỏ lỡ cơ hội nhận Special Offer lớn nhất từ chưa từng có!,2022-03-19,2022-04-10,110000,220000,280000,PROMO5015,True
38,38,Ưu đãi Mua sắm Cùng ứng dụng,Referral Bonus,Khách hàng tham gia chương trình Ưu đãi Mua sắm Cùng ứng dụng sẽ nhận được Referral Bonus 17% khi thực hiện 4 giao dịch. Áp dụng từ 9/08/2023 đến 31/08/2023. Đừng bỏ lỡ cơ hội nhận Referral Bonus lớn nhất từ chưa từng có!,2020-04-21,2020-05-21,160000,320000,280000,PROMO2230,True
39,39,Ưu đãi Mua sắm Cùng ứng dụng,Special Offer,Khách hàng tham gia chương trình Ưu đãi Mua sắm Cùng ứng dụng sẽ nhận được Special Offer 16% khi thực hiện 10 giao dịch. Áp dụng từ 16/08/2023 đến 29/08/2023. Đừng bỏ lỡ cơ hội nhận Special Offer lớn nhất từ chưa từng có!,2020-04-17,2020-04-23,80000,320000,330000,PROMO2263,True
40,40,Ưu đãi Thanh toán QR Pay Cùng ứng dụng,Loyalty Reward,Khách hàng tham gia chương trình Ưu đãi Thanh toán QR Pay Cùng ứng dụng sẽ nhận được Loyalty Reward 9% khi thực hiện 8 giao dịch. Áp dụng từ 10/08/2023 đến 29/08/2023. Đừng bỏ lỡ cơ hội nhận Loyalty Reward lớn nhất từ chưa từng có!,2022-01-14,2022-02-08,110000,440000,370000,PROMO3069,True
41,41,Ưu đãi Giới thiệu bạn bè Cùng ứng dụng,Membership Reward,Khách hàng tham gia chương trình Ưu đãi Giới thiệu bạn bè Cùng ứng dụng sẽ nhận được Membership Reward 6% khi thực hiện 8 giao dịch. Áp dụng từ 27/08/2023 đến 31/08/2023. Đừng bỏ lỡ cơ hội nhận Membership Reward lớn nhất từ chưa từng có!,2022-07-18,2022-08-15,20000,60000,180000,PROMO3918,False
42,42,Ưu đãi Quà tặng với Thẻ tín dụng Cùng ứng dụng,Membership Reward,Khách hàng tham gia chương trình Ưu đãi Quà tặng với Thẻ tín dụng Cùng ứng dụng sẽ nhận được Membership Reward 10% khi thực hiện 3 giao dịch. Áp dụng từ 23/08/2023 đến 31/08/2023. Đừng bỏ lỡ cơ hội nhận Membership Reward lớn nhất từ chưa từng có!,2021-11-08,2021-11-18,40000,160000,50000,PROMO2055,False
43,43,Ưu đãi Quà tặng với Thẻ tín dụng Cùng ứng dụng,Membership Reward,Khách hàng tham gia chương trình Ưu đãi Quà tặng với Thẻ tín dụng Cùng ứng dụng sẽ nhận được Membership Reward 13% khi thực hiện 10 giao dịch. Áp dụng từ 28/08/2023 đến 31/08/2023. Đừng bỏ lỡ cơ hội nhận Membership Reward lớn nhất từ chưa từng có!,2021-09-16,2021-10-03,140000,280000,110000,PROMO7483,False
44,44,Ưu đãi Thanh toán QR Pay Cùng ứng dụng,Special Offer,Khách hàng tham gia chương trình Ưu đãi Thanh toán QR Pay Cùng ứng dụng sẽ nhận được Special Offer 20% khi thực hiện 3 giao dịch. Áp dụng từ 26/08/2023 đến 31/08/2023. Đừng bỏ lỡ cơ hội nhận Special Offer lớn nhất từ chưa từng có!,2022-11-09,2022-11-25,70000,140000,70000,PROMO2021,False
45,45,Ưu đãi Trả góp 0% lãi suất Cùng ứng dụng,Loyalty Reward,Khách hàng tham gia chương trình Ưu đãi Trả góp 0% lãi suất Cùng ứng dụng sẽ nhận được Loyalty Reward 9% khi thực hiện 5 giao dịch. Áp dụng từ 9/08/2023 đến 30/08/2023. Đừng bỏ lỡ cơ hội nhận Loyalty Reward lớn nhất từ chưa từng có!,2020-05-07,2020-05-22,130000,650000,320000,PROMO3820,True
46,46,Ưu đãi Đầu tư Thảm đỏ Cùng ứng dụng,Flash Sale,Khách hàng tham gia chương trình Ưu đãi Đầu tư Thảm đỏ Cùng ứng dụng sẽ nhận được Flash Sale 5% khi thực hiện 5 giao dịch. Áp dụng từ 17/08/2023 đến 30/08/2023. Đừng bỏ lỡ cơ hội nhận Flash Sale lớn nhất từ chưa từng có!,2020-12-20,2021-01-08,120000,600000,120000,PROMO4698,True
47,47,Ưu đãi Phí giao dịch 0 đồng Cùng ứng dụng,Flash Sale,Khách hàng tham gia chương trình Ưu đãi Phí giao dịch 0 đồng Cùng ứng dụng sẽ nhận được Flash Sale 20% khi thực hiện 6 giao dịch. Áp dụng từ 23/08/2023 đến 30/08/2023. Đừng bỏ lỡ cơ hội nhận Flash Sale lớn nhất từ chưa từng có!,2020-10-27,2020-11-09,140000,560000,130000,PROMO4595,True
48,48,Ưu đãi Chào mừng Cùng ứng dụng,Membership Reward,Khách hàng tham gia chương trình Ưu đãi Chào mừng Cùng ứng dụng sẽ nhận được Membership Reward 16% khi thực hiện 5 giao dịch. Áp dụng từ 17/08/2023 đến 29/08/2023. Đừng bỏ lỡ cơ hội nhận Membership Reward lớn nhất từ chưa từng có!,2021-12-12,2021-12-24,120000,480000,170000,PROMO5908,False
49,49,Ưu đãi Thanh toán QR Pay Cùng ứng dụng,Flash Sale,Khách hàng tham gia chương trình Ưu đãi Thanh toán QR Pay Cùng ứng dụng sẽ nhận được Flash Sale 7% khi thực hiện 4 giao dịch. Áp dụng từ 20/08/2023 đến 31/08/2023. Đừng bỏ lỡ cơ hội nhận Flash Sale lớn nhất từ chưa từng có!,2020-02-18,2020-03-10,120000,600000,250000,PROMO3888,True
50,50,Ưu đãi Khuyến mãi Tiền mặt Cùng ứng dụng,Points Redemption,Khách hàng tham gia chương trình Ưu đãi Khuyến mãi Tiền mặt Cùng ứng dụng sẽ nhận được Points Redemption 11% khi thực hiện 3 giao dịch. Áp dụng từ 16/08/2023 đến 31/08/2023. Đừng bỏ lỡ cơ hội nhận Points Redemption lớn nhất từ chưa từng có!,2022-01-11,2022-01-26,50000,200000,440000,PROMO7291,True
51,51,"Ưu đãi Voucher 500,000 VND cho mỗi lần giao dịch Cùng ứng dụng",Discount,"Khách hàng tham gia chương trình Ưu đãi Voucher 500,000 VND cho mỗi lần giao dịch Cùng ứng dụng sẽ nhận được Discount 7% khi thực hiện 7 giao dịch. Áp dụng từ 21/08/2023 đến 29/08/2023. Đừng bỏ lỡ cơ hội nhận Discount lớn nhất từ chưa từng có!",2020-11-02,2020-11-13,80000,160000,90000,PROMO3279,True
52,52,Ưu đãi Hoàn tiền 10% cho thành viên mới Cùng ứng dụng,Referral Bonus,Khách hàng tham gia chương trình Ưu đãi Hoàn tiền 10% cho thành viên mới Cùng ứng dụng sẽ nhận được Referral Bonus 17% khi thực hiện 9 giao dịch. Áp dụng từ 13/08/2023 đến 29/08/2023. Đừng bỏ lỡ cơ hội nhận Referral Bonus lớn nhất từ chưa từng có!,2021-10-02,2021-10-15,170000,850000,230000,PROMO3069,False
53,53,Ưu đãi Linh hoạt thanh toán Cùng ứng dụng,Cashback,Khách hàng tham gia chương trình Ưu đãi Linh hoạt thanh toán Cùng ứng dụng sẽ nhận được Cashback 18% khi thực hiện 9 giao dịch. Áp dụng từ 4/08/2023 đến 31/08/2023. Đừng bỏ lỡ cơ hội nhận Cashback lớn nhất từ chưa từng có!,2020-03-13,2020-03-25,10000,40000,180000,PROMO5066,False
54,54,"Ưu đãi Voucher 500,000 VND cho mỗi lần giao dịch Cùng ứng dụng",Discount,"Khách hàng tham gia chương trình Ưu đãi Voucher 500,000 VND cho mỗi lần giao dịch Cùng ứng dụng sẽ nhận được Discount 11% khi thực hiện 10 giao dịch. Áp dụng từ 19/08/2023 đến 29/08/2023. Đừng bỏ lỡ cơ hội nhận Discount lớn nhất từ chưa từng có!",2020-02-09,2020-02-12,110000,330000,280000,PROMO5266,True
55,55,Ưu đãi Thanh toán QR Pay Cùng ứng dụng,Special Offer,Khách hàng tham gia chương trình Ưu đãi Thanh toán QR Pay Cùng ứng dụng sẽ nhận được Special Offer 9% khi thực hiện 6 giao dịch. Áp dụng từ 9/08/2023 đến 30/08/2023. Đừng bỏ lỡ cơ hội nhận Special Offer lớn nhất từ chưa từng có!,2021-04-13,2021-05-04,180000,720000,120000,PROMO8313,True
56,56,"Ưu đãi Voucher 500,000 VND cho mỗi lần giao dịch Cùng ứng dụng",Free Gift,"Khách hàng tham gia chương trình Ưu đãi Voucher 500,000 VND cho mỗi lần giao dịch Cùng ứng dụng sẽ nhận được Free Gift 20% khi thực hiện 9 giao dịch. Áp dụng từ 28/08/2023 đến 29/08/2023. Đừng bỏ lỡ cơ hội nhận Free Gift lớn nhất từ chưa từng có!",2022-06-26,2022-07-23,110000,330000,330000,PROMO7279,True
57,57,Ưu đãi Mở tài khoản Cùng ứng dụng,Cashback,Khách hàng tham gia chương trình Ưu đãi Mở tài khoản Cùng ứng dụng sẽ nhận được Cashback 5% khi thực hiện 4 giao dịch. Áp dụng từ 19/08/2023 đến 31/08/2023. Đừng bỏ lỡ cơ hội nhận Cashback lớn nhất từ chưa từng có!,2021-09-02,2021-09-05,10000,40000,170000,PROMO3237,True
58,58,Ưu đãi Ưu đãi Tín dụng độc quyền Cùng ứng dụng,Free Gift,Khách hàng tham gia chương trình Ưu đãi Ưu đãi Tín dụng độc quyền Cùng ứng dụng sẽ nhận được Free Gift 14% khi thực hiện 9 giao dịch. Áp dụng từ 17/08/2023 đến 31/08/2023. Đừng bỏ lỡ cơ hội nhận Free Gift lớn nhất từ chưa từng có!,2022-03-01,2022-03-15,20000,80000,350000,PROMO1013,True
59,59,Ưu đãi Hoàn tiền 10% cho thành viên mới Cùng ứng dụng,Flash Sale,Khách hàng tham gia chương trình Ưu đãi Hoàn tiền 10% cho thành viên mới Cùng ứng dụng sẽ nhận được Flash Sale 16% khi thực hiện 7 giao dịch. Áp dụng từ 18/08/2023 đến 30/08/2023. Đừng bỏ lỡ cơ hội nhận Flash Sale lớn nhất từ chưa từng có!,2022-05-26,2022-06-08,100000,500000,290000,PROMO2852,False
60,60,Ưu đãi Tặng voucher mua sắm Cùng ứng dụng,Referral Bonus,Khách hàng tham gia chương trình Ưu đãi Tặng voucher mua sắm Cùng ứng dụng sẽ nhận được Referral Bonus 5% khi thực hiện 7 giao dịch. Áp dụng từ 21/08/2023 đến 31/08/2023. Đừng bỏ lỡ cơ hội nhận Referral Bonus lớn nhất từ chưa từng có!,2022-05-23,2022-06-18,190000,570000,380000,PROMO8562,False
61,61,Ưu đãi Mở tài khoản Cùng ứng dụng,Loyalty Reward,Khách hàng tham gia chương trình Ưu đãi Mở tài khoản Cùng ứng dụng sẽ nhận được Loyalty Reward 19% khi thực hiện 6 giao dịch. Áp dụng từ 12/08/2023 đến 31/08/2023. Đừng bỏ lỡ cơ hội nhận Loyalty Reward lớn nhất từ chưa từng có!,2021-06-17,2021-06-20,30000,150000,490000,PROMO7977,False
62,62,Ưu đãi Phí giao dịch 0 đồng Cùng ứng dụng,Exclusive Deal,Khách hàng tham gia chương trình Ưu đãi Phí giao dịch 0 đồng Cùng ứng dụng sẽ nhận được Exclusive Deal 7% khi thực hiện 10 giao dịch. Áp dụng từ 24/08/2023 đến 29/08/2023. Đừng bỏ lỡ cơ hội nhận Exclusive Deal lớn nhất từ chưa từng có!,2021-11-02,2021-11-25,80000,320000,390000,PROMO1340,False
63,63,Ưu đãi Giới thiệu bạn bè Cùng ứng dụng,Points Redemption,Khách hàng tham gia chương trình Ưu đãi Giới thiệu bạn bè Cùng ứng dụng sẽ nhận được Points Redemption 13% khi thực hiện 5 giao dịch. Áp dụng từ 25/08/2023 đến 29/08/2023. Đừng bỏ lỡ cơ hội nhận Points Redemption lớn nhất từ chưa từng có!,2021-11-26,2021-12-25,110000,220000,370000,PROMO6725,False
64,64,Ưu đãi Quà tặng với Thẻ tín dụng Cùng ứng dụng,Membership Reward,Khách hàng tham gia chương trình Ưu đãi Quà tặng với Thẻ tín dụng Cùng ứng dụng sẽ nhận được Membership Reward 14% khi thực hiện 5 giao dịch. Áp dụng từ 15/08/2023 đến 30/08/2023. Đừng bỏ lỡ cơ hội nhận Membership Reward lớn nhất từ chưa từng có!,2021-04-30,2021-05-18,100000,300000,230000,PROMO8653,True
65,65,Ưu đãi Khuyến mãi Tiền mặt Cùng ứng dụng,Membership Reward,Khách hàng tham gia chương trình Ưu đãi Khuyến mãi Tiền mặt Cùng ứng dụng sẽ nhận được Membership Reward 8% khi thực hiện 9 giao dịch. Áp dụng từ 3/08/2023 đến 30/08/2023. Đừng bỏ lỡ cơ hội nhận Membership Reward lớn nhất từ chưa từng có!,2022-05-23,2022-05-28,70000,350000,70000,PROMO1323,True
66,66,Ưu đãi Ưu đãi Tín dụng độc quyền Cùng ứng dụng,Loyalty Reward,Khách hàng tham gia chương trình Ưu đãi Ưu đãi Tín dụng độc quyền Cùng ứng dụng sẽ nhận được Loyalty Reward 7% khi thực hiện 9 giao dịch. Áp dụng từ 21/08/2023 đến 31/08/2023. Đừng bỏ lỡ cơ hội nhận Loyalty Reward lớn nhất từ chưa từng có!,2021-02-08,2021-02-19,80000,320000,440000,PROMO4422,True
67,67,Ưu đãi Đầu tư Thảm đỏ Cùng ứng dụng,Free Gift,Khách hàng tham gia chương trình Ưu đãi Đầu tư Thảm đỏ Cùng ứng dụng sẽ nhận được Free Gift 13% khi thực hiện 4 giao dịch. Áp dụng từ 3/08/2023 đến 31/08/2023. Đừng bỏ lỡ cơ hội nhận Free Gift lớn nhất từ chưa từng có!,2020-11-07,2020-12-06,170000,680000,200000,PROMO8666,True
68,68,Ưu đãi Thanh toán QR Pay Cùng ứng dụng,Special Offer,Khách hàng tham gia chương trình Ưu đãi Thanh toán QR Pay Cùng ứng dụng sẽ nhận được Special Offer 13% khi thực hiện 8 giao dịch. Áp dụng từ 20/08/2023 đến 31/08/2023. Đừng bỏ lỡ cơ hội nhận Special Offer lớn nhất từ chưa từng có!,2022-03-28,2022-04-07,60000,300000,220000,PROMO7548,True
69,69,Ưu đãi Giải quyết nhanh Cùng ứng dụng,Special Offer,Khách hàng tham gia chương trình Ưu đãi Giải quyết nhanh Cùng ứng dụng sẽ nhận được Special Offer 15% khi thực hiện 6 giao dịch. Áp dụng từ 9/08/2023 đến 31/08/2023. Đừng bỏ lỡ cơ hội nhận Special Offer lớn nhất từ chưa từng có!,2021-04-01,2021-04-26,110000,330000,250000,PROMO1500,False
70,70,Ưu đãi Phí giao dịch 0 đồng Cùng ứng dụng,Points Redemption,Khách hàng tham gia chương trình Ưu đãi Phí giao dịch 0 đồng Cùng ứng dụng sẽ nhận được Points Redemption 12% khi thực hiện 7 giao dịch. Áp dụng từ 7/08/2023 đến 29/08/2023. Đừng bỏ lỡ cơ hội nhận Points Redemption lớn nhất từ chưa từng có!,2022-12-24,2023-01-16,170000,510000,270000,PROMO8267,True
71,71,Ưu đãi Nhận coupon giảm giá Cùng ứng dụng,Special Offer,Khách hàng tham gia chương trình Ưu đãi Nhận coupon giảm giá Cùng ứng dụng sẽ nhận được Special Offer 19% khi thực hiện 5 giao dịch. Áp dụng từ 5/08/2023 đến 29/08/2023. Đừng bỏ lỡ cơ hội nhận Special Offer lớn nhất từ chưa từng có!,2022-05-14,2022-06-08,60000,300000,180000,PROMO6916,False
72,72,Ưu đãi Tặng voucher mua sắm Cùng ứng dụng,Referral Bonus,Khách hàng tham gia chương trình Ưu đãi Tặng voucher mua sắm Cùng ứng dụng sẽ nhận được Referral Bonus 8% khi thực hiện 6 giao dịch. Áp dụng từ 23/08/2023 đến 31/08/2023. Đừng bỏ lỡ cơ hội nhận Referral Bonus lớn nhất từ chưa từng có!,2021-01-27,2021-02-08,180000,360000,380000,PROMO2743,True
73,73,Ưu đãi Tặng voucher mua sắm Cùng ứng dụng,Free Gift,Khách hàng tham gia chương trình Ưu đãi Tặng voucher mua sắm Cùng ứng dụng sẽ nhận được Free Gift 20% khi thực hiện 4 giao dịch. Áp dụng từ 6/08/2023 đến 29/08/2023. Đừng bỏ lỡ cơ hội nhận Free Gift lớn nhất từ chưa từng có!,2021-09-18,2021-09-22,110000,220000,370000,PROMO4548,True
74,74,Ưu đãi Giải quyết nhanh Cùng ứng dụng,Membership Reward,Khách hàng tham gia chương trình Ưu đãi Giải quyết nhanh Cùng ứng dụng sẽ nhận được Membership Reward 19% khi thực hiện 8 giao dịch. Áp dụng từ 22/08/2023 đến 30/08/2023. Đừng bỏ lỡ cơ hội nhận Membership Reward lớn nhất từ chưa từng có!,2022-01-26,2022-02-01,80000,240000,370000,PROMO2560,True
75,75,Ưu đãi Tặng voucher mua sắm Cùng ứng dụng,Referral Bonus,Khách hàng tham gia chương trình Ưu đãi Tặng voucher mua sắm Cùng ứng dụng sẽ nhận được Referral Bonus 20% khi thực hiện 10 giao dịch. Áp dụng từ 13/08/2023 đến 29/08/2023. Đừng bỏ lỡ cơ hội nhận Referral Bonus lớn nhất từ chưa từng có!,2020-05-20,2020-05-30,180000,540000,190000,PROMO5647,False
76,76,"Ưu đãi Voucher 500,000 VND cho mỗi lần giao dịch Cùng ứng dụng",Exclusive Deal,"Khách hàng tham gia chương trình Ưu đãi Voucher 500,000 VND cho mỗi lần giao dịch Cùng ứng dụng sẽ nhận được Exclusive Deal 17% khi thực hiện 6 giao dịch. Áp dụng từ 15/08/2023 đến 31/08/2023. Đừng bỏ lỡ cơ hội nhận Exclusive Deal lớn nhất từ chưa từng có!",2021-10-21,2021-11-01,140000,560000,250000,PROMO9131,True
77,77,Ưu đãi Linh hoạt thanh toán Cùng ứng dụng,Cashback,Khách hàng tham gia chương trình Ưu đãi Linh hoạt thanh toán Cùng ứng dụng sẽ nhận được Cashback 6% khi thực hiện 3 giao dịch. Áp dụng từ 26/08/2023 đến 29/08/2023. Đừng bỏ lỡ cơ hội nhận Cashback lớn nhất từ chưa từng có!,2020-04-27,2020-05-27,120000,600000,110000,PROMO6235,False
78,78,Ưu đãi Trả góp 0% lãi suất Cùng ứng dụng,Special Offer,Khách hàng tham gia chương trình Ưu đãi Trả góp 0% lãi suất Cùng ứng dụng sẽ nhận được Special Offer 11% khi thực hiện 9 giao dịch. Áp dụng từ 6/08/2023 đến 31/08/2023. Đừng bỏ lỡ cơ hội nhận Special Offer lớn nhất từ chưa từng có!,2022-01-28,2022-02-04,140000,280000,200000,PROMO1248,False
79,79,Ưu đãi Giới thiệu bạn bè Cùng ứng dụng,Membership Reward,Khách hàng tham gia chương trình Ưu đãi Giới thiệu bạn bè Cùng ứng dụng sẽ nhận được Membership Reward 6% khi thực hiện 9 giao dịch. Áp dụng từ 9/08/2023 đến 29/08/2023. Đừng bỏ lỡ cơ hội nhận Membership Reward lớn nhất từ chưa từng có!,2021-10-30,2021-11-04,100000,500000,70000,PROMO5970,True
80,80,Ưu đãi Tiết kiệm Cùng ứng dụng,Membership Reward,Khách hàng tham gia chương trình Ưu đãi Tiết kiệm Cùng ứng dụng sẽ nhận được Membership Reward 6% khi thực hiện 5 giao dịch. Áp dụng từ 2/08/2023 đến 30/08/2023. Đừng bỏ lỡ cơ hội nhận Membership Reward lớn nhất từ chưa từng có!,2022-09-27,2022-10-24,80000,160000,100000,PROMO8086,True
81,81,Ưu đãi Linh hoạt thanh toán Cùng ứng dụng,Discount,Khách hàng tham gia chương trình Ưu đãi Linh hoạt thanh toán Cùng ứng dụng sẽ nhận được Discount 20% khi thực hiện 5 giao dịch. Áp dụng từ 24/08/2023 đến 30/08/2023. Đừng bỏ lỡ cơ hội nhận Discount lớn nhất từ chưa từng có!,2021-06-29,2021-07-23,50000,150000,420000,PROMO8332,False
82,82,Ưu đãi Phí giao dịch 0 đồng Cùng ứng dụng,Special Offer,Khách hàng tham gia chương trình Ưu đãi Phí giao dịch 0 đồng Cùng ứng dụng sẽ nhận được Special Offer 13% khi thực hiện 6 giao dịch. Áp dụng từ 8/08/2023 đến 29/08/2023. Đừng bỏ lỡ cơ hội nhận Special Offer lớn nhất từ chưa từng có!,2021-08-15,2021-09-05,90000,270000,180000,PROMO6728,False
83,83,Ưu đãi Nhận coupon giảm giá Cùng ứng dụng,Membership Reward,Khách hàng tham gia chương trình Ưu đãi Nhận coupon giảm giá Cùng ứng dụng sẽ nhận được Membership Reward 6% khi thực hiện 8 giao dịch. Áp dụng từ 18/08/2023 đến 30/08/2023. Đừng bỏ lỡ cơ hội nhận Membership Reward lớn nhất từ chưa từng có!,2020-03-22,2020-04-11,180000,540000,180000,PROMO9788,False
84,84,Ưu đãi Chào mừng Cùng ứng dụng,Special Offer,Khách hàng tham gia chương trình Ưu đãi Chào mừng Cùng ứng dụng sẽ nhận được Special Offer 7% khi thực hiện 7 giao dịch. Áp dụng từ 6/08/2023 đến 29/08/2023. Đừng bỏ lỡ cơ hội nhận Special Offer lớn nhất từ chưa từng có!,2022-07-14,2022-07-21,90000,180000,190000,PROMO4331,False
85,85,Ưu đãi Tiết kiệm Cùng ứng dụng,Discount,Khách hàng tham gia chương trình Ưu đãi Tiết kiệm Cùng ứng dụng sẽ nhận được Discount 7% khi thực hiện 10 giao dịch. Áp dụng từ 17/08/2023 đến 30/08/2023. Đừng bỏ lỡ cơ hội nhận Discount lớn nhất từ chưa từng có!,2022-11-03,2022-11-09,140000,560000,280000,PROMO1657,True
86,86,"Ưu đãi Voucher 500,000 VND cho mỗi lần giao dịch Cùng ứng dụng",Discount,"Khách hàng tham gia chương trình Ưu đãi Voucher 500,000 VND cho mỗi lần giao dịch Cùng ứng dụng sẽ nhận được Discount 19% khi thực hiện 5 giao dịch. Áp dụng từ 13/08/2023 đến 31/08/2023. Đừng bỏ lỡ cơ hội nhận Discount lớn nhất từ chưa từng có!",2020-10-01,2020-10-18,170000,340000,330000,PROMO9593,False
87,87,Ưu đãi Chào mừng Cùng ứng dụng,Special Offer,Khách hàng tham gia chương trình Ưu đãi Chào mừng Cùng ứng dụng sẽ nhận được Special Offer 15% khi thực hiện 4 giao dịch. Áp dụng từ 10/08/2023 đến 29/08/2023. Đừng bỏ lỡ cơ hội nhận Special Offer lớn nhất từ chưa từng có!,2020-01-17,2020-02-16,110000,550000,80000,PROMO1952,False
88,88,Ưu đãi Phí giao dịch 0 đồng Cùng ứng dụng,Loyalty Reward,Khách hàng tham gia chương trình Ưu đãi Phí giao dịch 0 đồng Cùng ứng dụng sẽ nhận được Loyalty Reward 13% khi thực hiện 9 giao dịch. Áp dụng từ 26/08/2023 đến 29/08/2023. Đừng bỏ lỡ cơ hội nhận Loyalty Reward lớn nhất từ chưa từng có!,2021-11-29,2021-12-29,30000,120000,190000,PROMO2541,False
89,89,Ưu đãi Đầu tư Thảm đỏ Cùng ứng dụng,Membership Reward,Khách hàng tham gia chương trình Ưu đãi Đầu tư Thảm đỏ Cùng ứng dụng sẽ nhận được Membership Reward 11% khi thực hiện 8 giao dịch. Áp dụng từ 11/08/2023 đến 31/08/2023. Đừng bỏ lỡ cơ hội nhận Membership Reward lớn nhất từ chưa từng có!,2021-08-03,2021-08-31,150000,750000,50000,PROMO8883,True
90,90,Ưu đãi Giới thiệu bạn bè Cùng ứng dụng,Flash Sale,Khách hàng tham gia chương trình Ưu đãi Giới thiệu bạn bè Cùng ứng dụng sẽ nhận được Flash Sale 5% khi thực hiện 7 giao dịch. Áp dụng từ 24/08/2023 đến 29/08/2023. Đừng bỏ lỡ cơ hội nhận Flash Sale lớn nhất từ chưa từng có!,2022-11-11,2022-11-20,120000,480000,400000,PROMO7377,False
91,91,Ưu đãi Vay online Cùng ứng dụng,Points Redemption,Khách hàng tham gia chương trình Ưu đãi Vay online Cùng ứng dụng sẽ nhận được Points Redemption 16% khi thực hiện 5 giao dịch. Áp dụng từ 19/08/2023 đến 29/08/2023. Đừng bỏ lỡ cơ hội nhận Points Redemption lớn nhất từ chưa từng có!,2022-10-29,2022-11-02,20000,80000,70000,PROMO9743,False
92,92,Ưu đãi Quà tặng với Thẻ tín dụng Cùng ứng dụng,Special Offer,Khách hàng tham gia chương trình Ưu đãi Quà tặng với Thẻ tín dụng Cùng ứng dụng sẽ nhận được Special Offer 15% khi thực hiện 8 giao dịch. Áp dụng từ 9/08/2023 đến 30/08/2023. Đừng bỏ lỡ cơ hội nhận Special Offer lớn nhất từ chưa từng có!,2021-06-15,2021-07-11,170000,340000,370000,PROMO9620,True
93,93,Ưu đãi Giới thiệu bạn bè Cùng ứng dụng,Free Gift,Khách hàng tham gia chương trình Ưu đãi Giới thiệu bạn bè Cùng ứng dụng sẽ nhận được Free Gift 15% khi thực hiện 8 giao dịch. Áp dụng từ 19/08/2023 đến 29/08/2023. Đừng bỏ lỡ cơ hội nhận Free Gift lớn nhất từ chưa từng có!,2020-05-22,2020-06-08,190000,760000,360000,PROMO8859,False
94,94,Ưu đãi Cùng nhau gửi tiết kiệm Cùng ứng dụng,Points Redemption,Khách hàng tham gia chương trình Ưu đãi Cùng nhau gửi tiết kiệm Cùng ứng dụng sẽ nhận được Points Redemption 7% khi thực hiện 3 giao dịch. Áp dụng từ 5/08/2023 đến 29/08/2023. Đừng bỏ lỡ cơ hội nhận Points Redemption lớn nhất từ chưa từng có!,2022-09-25,2022-10-14,110000,550000,130000,PROMO5127,True
95,95,Ưu đãi Trả góp 0% lãi suất Cùng ứng dụng,Free Gift,Khách hàng tham gia chương trình Ưu đãi Trả góp 0% lãi suất Cùng ứng dụng sẽ nhận được Free Gift 16% khi thực hiện 8 giao dịch. Áp dụng từ 13/08/2023 đến 30/08/2023. Đừng bỏ lỡ cơ hội nhận Free Gift lớn nhất từ chưa từng có!,2020-08-10,2020-08-27,140000,560000,400000,PROMO9718,True
96,96,Ưu đãi Mua sắm Cùng ứng dụng,Loyalty Reward,Khách hàng tham gia chương trình Ưu đãi Mua sắm Cùng ứng dụng sẽ nhận được Loyalty Reward 13% khi thực hiện 6 giao dịch. Áp dụng từ 19/08/2023 đến 29/08/2023. Đừng bỏ lỡ cơ hội nhận Loyalty Reward lớn nhất từ chưa từng có!,2020-11-05,2020-11-11,10000,30000,130000,PROMO7735,True
97,97,Ưu đãi Vay online Cùng ứng dụng,Membership Reward,Khách hàng tham gia chương trình Ưu đãi Vay online Cùng ứng dụng sẽ nhận được Membership Reward 13% khi thực hiện 4 giao dịch. Áp dụng từ 7/08/2023 đến 30/08/2023. Đừng bỏ lỡ cơ hội nhận Membership Reward lớn nhất từ chưa từng có!,2022-03-29,2022-04-03,140000,280000,200000,PROMO2192,True
98,98,Ưu đãi Thanh toán QR Pay Cùng ứng dụng,Membership Reward,Khách hàng tham gia chương trình Ưu đãi Thanh toán QR Pay Cùng ứng dụng sẽ nhận được Membership Reward 18% khi thực hiện 3 giao dịch. Áp dụng từ 19/08/2023 đến 30/08/2023. Đừng bỏ lỡ cơ hội nhận Membership Reward lớn nhất từ chưa từng có!,2020-02-27,2020-03-28,100000,500000,50000,PROMO5648,True
99,99,Ưu đãi Linh hoạt thanh toán Cùng ứng dụng,Exclusive Deal,Khách hàng tham gia chương trình Ưu đãi Linh hoạt thanh toán Cùng ứng dụng sẽ nhận được Exclusive Deal 20% khi thực hiện 6 giao dịch. Áp dụng từ 14/08/2023 đến 30/08/2023. Đừng bỏ lỡ cơ hội nhận Exclusive Deal lớn nhất từ chưa từng có!,2021-09-22,2021-10-16,130000,520000,240000,PROMO9920,True
100,100,Ưu đãi Giải quyết nhanh Cùng ứng dụng,Cashback,Khách hàng tham gia chương trình Ưu đãi Giải quyết nhanh Cùng ứng dụng sẽ nhận được Cashback 13% khi thực hiện 9 giao dịch. Áp dụng từ 7/08/2023 đến 29/08/2023. Đừng bỏ lỡ cơ hội nhận Cashback lớn nhất từ chưa từng có!,2020-04-05,2020-05-01,180000,900000,470000,PROMO9426,False
101,101,Ưu đãi Chào mừng Cùng ứng dụng,Points Redemption,Khách hàng tham gia chương trình Ưu đãi Chào mừng Cùng ứng dụng sẽ nhận được Points Redemption 18% khi thực hiện 3 giao dịch. Áp dụng từ 12/08/2023 đến 30/08/2023. Đừng bỏ lỡ cơ hội nhận Points Redemption lớn nhất từ chưa từng có!,2021-01-28,2021-01-31,130000,390000,200000,PROMO5904,True
102,102,"Ưu đãi Voucher 500,000 VND cho mỗi lần giao dịch Cùng ứng dụng",Cashback,"Khách hàng tham gia chương trình Ưu đãi Voucher 500,000 VND cho mỗi lần giao dịch Cùng ứng dụng sẽ nhận được Cashback 14% khi thực hiện 8 giao dịch. Áp dụng từ 25/08/2023 đến 31/08/2023. Đừng bỏ lỡ cơ hội nhận Cashback lớn nhất từ chưa từng có!",2021-07-24,2021-08-16,150000,600000,240000,PROMO9611,False
103,103,"Ưu đãi Voucher 500,000 VND cho mỗi lần giao dịch Cùng ứng dụng",Membership Reward,"Khách hàng tham gia chương trình Ưu đãi Voucher 500,000 VND cho mỗi lần giao dịch Cùng ứng dụng sẽ nhận được Membership Reward 18% khi thực hiện 7 giao dịch. Áp dụng từ 15/08/2023 đến 30/08/2023. Đừng bỏ lỡ cơ hội nhận Membership Reward lớn nhất từ chưa từng có!",2022-04-28,2022-05-05,120000,600000,270000,PROMO3299,True
104,104,Ưu đãi Khuyến mãi Tiền mặt Cùng ứng dụng,Discount,Khách hàng tham gia chương trình Ưu đãi Khuyến mãi Tiền mặt Cùng ứng dụng sẽ nhận được Discount 18% khi thực hiện 3 giao dịch. Áp dụng từ 12/08/2023 đến 30/08/2023. Đừng bỏ lỡ cơ hội nhận Discount lớn nhất từ chưa từng có!,2022-12-03,2022-12-18,80000,320000,400000,PROMO1300,True
105,105,Ưu đãi Chào mừng Cùng ứng dụng,Discount,Khách hàng tham gia chương trình Ưu đãi Chào mừng Cùng ứng dụng sẽ nhận được Discount 17% khi thực hiện 7 giao dịch. Áp dụng từ 15/08/2023 đến 30/08/2023. Đừng bỏ lỡ cơ hội nhận Discount lớn nhất từ chưa từng có!,2022-08-24,2022-09-21,160000,640000,390000,PROMO8887,False
106,106,Ưu đãi Tặng voucher mua sắm Cùng ứng dụng,Flash Sale,Khách hàng tham gia chương trình Ưu đãi Tặng voucher mua sắm Cùng ứng dụng sẽ nhận được Flash Sale 8% khi thực hiện 10 giao dịch. Áp dụng từ 12/08/2023 đến 29/08/2023. Đừng bỏ lỡ cơ hội nhận Flash Sale lớn nhất từ chưa từng có!,2022-01-22,2022-02-07,50000,150000,410000,PROMO1297,True
107,107,Ưu đãi Khuyến mãi Tiền mặt Cùng ứng dụng,Free Gift,Khách hàng tham gia chương trình Ưu đãi Khuyến mãi Tiền mặt Cùng ứng dụng sẽ nhận được Free Gift 9% khi thực hiện 7 giao dịch. Áp dụng từ 14/08/2023 đến 30/08/2023. Đừng bỏ lỡ cơ hội nhận Free Gift lớn nhất từ chưa từng có!,2022-10-01,2022-10-20,10000,40000,240000,PROMO7893,False
108,108,Ưu đãi Quà tặng với Thẻ tín dụng Cùng ứng dụng,Free Gift,Khách hàng tham gia chương trình Ưu đãi Quà tặng với Thẻ tín dụng Cùng ứng dụng sẽ nhận được Free Gift 20% khi thực hiện 6 giao dịch. Áp dụng từ 23/08/2023 đến 30/08/2023. Đừng bỏ lỡ cơ hội nhận Free Gift lớn nhất từ chưa từng có!,2021-08-11,2021-08-26,40000,200000,290000,PROMO2497,True
109,109,Ưu đãi Giới thiệu bạn bè Cùng ứng dụng,Referral Bonus,Khách hàng tham gia chương trình Ưu đãi Giới thiệu bạn bè Cùng ứng dụng sẽ nhận được Referral Bonus 9% khi thực hiện 6 giao dịch. Áp dụng từ 24/08/2023 đến 29/08/2023. Đừng bỏ lỡ cơ hội nhận Referral Bonus lớn nhất từ chưa từng có!,2020-01-29,2020-02-04,60000,240000,350000,PROMO3551,False
110,110,Ưu đãi Vay online Cùng ứng dụng,Points Redemption,Khách hàng tham gia chương trình Ưu đãi Vay online Cùng ứng dụng sẽ nhận được Points Redemption 10% khi thực hiện 3 giao dịch. Áp dụng từ 3/08/2023 đến 30/08/2023. Đừng bỏ lỡ cơ hội nhận Points Redemption lớn nhất từ chưa từng có!,2021-06-30,2021-07-22,70000,140000,440000,PROMO4576,False
111,111,Ưu đãi Cùng nhau gửi tiết kiệm Cùng ứng dụng,Discount,Khách hàng tham gia chương trình Ưu đãi Cùng nhau gửi tiết kiệm Cùng ứng dụng sẽ nhận được Discount 8% khi thực hiện 9 giao dịch. Áp dụng từ 27/08/2023 đến 31/08/2023. Đừng bỏ lỡ cơ hội nhận Discount lớn nhất từ chưa từng có!,2020-12-02,2020-12-28,60000,120000,200000,PROMO5347,False
112,112,Ưu đãi Thanh toán QR Pay Cùng ứng dụng,Flash Sale,Khách hàng tham gia chương trình Ưu đãi Thanh toán QR Pay Cùng ứng dụng sẽ nhận được Flash Sale 6% khi thực hiện 6 giao dịch. Áp dụng từ 22/08/2023 đến 31/08/2023. Đừng bỏ lỡ cơ hội nhận Flash Sale lớn nhất từ chưa từng có!,2021-08-06,2021-08-11,180000,900000,280000,PROMO3028,False
113,113,Ưu đãi Mở tài khoản Cùng ứng dụng,Membership Reward,Khách hàng tham gia chương trình Ưu đãi Mở tài khoản Cùng ứng dụng sẽ nhận được Membership Reward 20% khi thực hiện 9 giao dịch. Áp dụng từ 4/08/2023 đến 31/08/2023. Đừng bỏ lỡ cơ hội nhận Membership Reward lớn nhất từ chưa từng có!,2020-10-06,2020-11-05,10000,50000,470000,PROMO2733,True
114,114,Ưu đãi Tặng voucher mua sắm Cùng ứng dụng,Exclusive Deal,Khách hàng tham gia chương trình Ưu đãi Tặng voucher mua sắm Cùng ứng dụng sẽ nhận được Exclusive Deal 11% khi thực hiện 5 giao dịch. Áp dụng từ 17/08/2023 đến 30/08/2023. Đừng bỏ lỡ cơ hội nhận Exclusive Deal lớn nhất từ chưa từng có!,2022-10-25,2022-11-10,110000,440000,70000,PROMO9068,True
115,115,Ưu đãi Nhận coupon giảm giá Cùng ứng dụng,Free Gift,Khách hàng tham gia chương trình Ưu đãi Nhận coupon giảm giá Cùng ứng dụng sẽ nhận được Free Gift 20% khi thực hiện 4 giao dịch. Áp dụng từ 1/08/2023 đến 31/08/2023. Đừng bỏ lỡ cơ hội nhận Free Gift lớn nhất từ chưa từng có!,2022-01-14,2022-02-07,30000,120000,350000,PROMO5383,True
116,116,"Ưu đãi Voucher 500,000 VND cho mỗi lần giao dịch Cùng ứng dụng",Flash Sale,"Khách hàng tham gia chương trình Ưu đãi Voucher 500,000 VND cho mỗi lần giao dịch Cùng ứng dụng sẽ nhận được Flash Sale 14% khi thực hiện 4 giao dịch. Áp dụng từ 8/08/2023 đến 31/08/2023. Đừng bỏ lỡ cơ hội nhận Flash Sale lớn nhất từ chưa từng có!",2020-02-05,2020-02-16,180000,720000,90000,PROMO5036,False
117,117,Ưu đãi Giới thiệu bạn bè Cùng ứng dụng,Loyalty Reward,Khách hàng tham gia chương trình Ưu đãi Giới thiệu bạn bè Cùng ứng dụng sẽ nhận được Loyalty Reward 13% khi thực hiện 6 giao dịch. Áp dụng từ 14/08/2023 đến 31/08/2023. Đừng bỏ lỡ cơ hội nhận Loyalty Reward lớn nhất từ chưa từng có!,2022-01-20,2022-02-12,10000,20000,190000,PROMO9729,True
118,118,Ưu đãi Quà tặng với Thẻ tín dụng Cùng ứng dụng,Special Offer,Khách hàng tham gia chương trình Ưu đãi Quà tặng với Thẻ tín dụng Cùng ứng dụng sẽ nhận được Special Offer 13% khi thực hiện 10 giao dịch. Áp dụng từ 23/08/2023 đến 30/08/2023. Đừng bỏ lỡ cơ hội nhận Special Offer lớn nhất từ chưa từng có!,2022-09-16,2022-09-27,180000,900000,440000,PROMO4512,False
119,119,Ưu đãi Cùng nhau gửi tiết kiệm Cùng ứng dụng,Exclusive Deal,Khách hàng tham gia chương trình Ưu đãi Cùng nhau gửi tiết kiệm Cùng ứng dụng sẽ nhận được Exclusive Deal 20% khi thực hiện 6 giao dịch. Áp dụng từ 11/08/2023 đến 29/08/2023. Đừng bỏ lỡ cơ hội nhận Exclusive Deal lớn nhất từ chưa từng có!,2022-02-06,2022-02-28,40000,120000,220000,PROMO8391,True
120,120,Ưu đãi Tiết kiệm Cùng ứng dụng,Membership Reward,Khách hàng tham gia chương trình Ưu đãi Tiết kiệm Cùng ứng dụng sẽ nhận được Membership Reward 15% khi thực hiện 5 giao dịch. Áp dụng từ 21/08/2023 đến 29/08/2023. Đừng bỏ lỡ cơ hội nhận Membership Reward lớn nhất từ chưa từng có!,2020-01-13,2020-01-26,70000,350000,460000,PROMO8870,False
121,121,Ưu đãi Vay online Cùng ứng dụng,Loyalty Reward,Khách hàng tham gia chương trình Ưu đãi Vay online Cùng ứng dụng sẽ nhận được Loyalty Reward 9% khi thực hiện 7 giao dịch. Áp dụng từ 8/08/2023 đến 29/08/2023. Đừng bỏ lỡ cơ hội nhận Loyalty Reward lớn nhất từ chưa từng có!,2021-05-04,2021-05-27,110000,220000,180000,PROMO3819,True
122,122,Ưu đãi Đầu tư Thảm đỏ Cùng ứng dụng,Exclusive Deal,Khách hàng tham gia chương trình Ưu đãi Đầu tư Thảm đỏ Cùng ứng dụng sẽ nhận được Exclusive Deal 11% khi thực hiện 7 giao dịch. Áp dụng từ 14/08/2023 đến 30/08/2023. Đừng bỏ lỡ cơ hội nhận Exclusive Deal lớn nhất từ chưa từng có!,2021-03-16,2021-03-19,70000,140000,300000,PROMO6002,True
123,123,Ưu đãi Chào mừng Cùng ứng dụng,Referral Bonus,Khách hàng tham gia chương trình Ưu đãi Chào mừng Cùng ứng dụng sẽ nhận được Referral Bonus 13% khi thực hiện 8 giao dịch. Áp dụng từ 9/08/2023 đến 31/08/2023. Đừng bỏ lỡ cơ hội nhận Referral Bonus lớn nhất từ chưa từng có!,2021-06-17,2021-07-13,70000,350000,490000,PROMO1378,True
124,124,Ưu đãi Phí giao dịch 0 đồng Cùng ứng dụng,Free Gift,Khách hàng tham gia chương trình Ưu đãi Phí giao dịch 0 đồng Cùng ứng dụng sẽ nhận được Free Gift 9% khi thực hiện 4 giao dịch. Áp dụng từ 9/08/2023 đến 29/08/2023. Đừng bỏ lỡ cơ hội nhận Free Gift lớn nhất từ chưa từng có!,2022-09-05,2022-09-29,100000,200000,50000,PROMO6685,True
125,125,Ưu đãi Chào mừng Cùng ứng dụng,Cashback,Khách hàng tham gia chương trình Ưu đãi Chào mừng Cùng ứng dụng sẽ nhận được Cashback 14% khi thực hiện 8 giao dịch. Áp dụng từ 8/08/2023 đến 30/08/2023. Đừng bỏ lỡ cơ hội nhận Cashback lớn nhất từ chưa từng có!,2020-12-03,2020-12-22,170000,340000,240000,PROMO6927,True
126,126,Ưu đãi Chào mừng Cùng ứng dụng,Loyalty Reward,Khách hàng tham gia chương trình Ưu đãi Chào mừng Cùng ứng dụng sẽ nhận được Loyalty Reward 17% khi thực hiện 8 giao dịch. Áp dụng từ 24/08/2023 đến 31/08/2023. Đừng bỏ lỡ cơ hội nhận Loyalty Reward lớn nhất từ chưa từng có!,2022-05-01,2022-05-26,100000,300000,330000,PROMO2537,False
127,127,Ưu đãi Khuyến mãi Tiền mặt Cùng ứng dụng,Discount,Khách hàng tham gia chương trình Ưu đãi Khuyến mãi Tiền mặt Cùng ứng dụng sẽ nhận được Discount 15% khi thực hiện 4 giao dịch. Áp dụng từ 12/08/2023 đến 31/08/2023. Đừng bỏ lỡ cơ hội nhận Discount lớn nhất từ chưa từng có!,2021-07-28,2021-08-23,160000,480000,150000,PROMO5441,False
128,128,Ưu đãi Chào mừng Cùng ứng dụng,Exclusive Deal,Khách hàng tham gia chương trình Ưu đãi Chào mừng Cùng ứng dụng sẽ nhận được Exclusive Deal 20% khi thực hiện 9 giao dịch. Áp dụng từ 18/08/2023 đến 30/08/2023. Đừng bỏ lỡ cơ hội nhận Exclusive Deal lớn nhất từ chưa từng có!,2021-01-08,2021-01-20,50000,150000,280000,PROMO5958,True
129,129,Ưu đãi Tiết kiệm Cùng ứng dụng,Exclusive Deal,Khách hàng tham gia chương trình Ưu đãi Tiết kiệm Cùng ứng dụng sẽ nhận được Exclusive Deal 8% khi thực hiện 5 giao dịch. Áp dụng từ 8/08/2023 đến 29/08/2023. Đừng bỏ lỡ cơ hội nhận Exclusive Deal lớn nhất từ chưa từng có!,2020-11-21,2020-12-07,150000,600000,260000,PROMO9944,True
130,130,Ưu đãi Khuyến mãi Tiền mặt Cùng ứng dụng,Membership Reward,Khách hàng tham gia chương trình Ưu đãi Khuyến mãi Tiền mặt Cùng ứng dụng sẽ nhận được Membership Reward 13% khi thực hiện 7 giao dịch. Áp dụng từ 16/08/2023 đến 29/08/2023. Đừng bỏ lỡ cơ hội nhận Membership Reward lớn nhất từ chưa từng có!,2021-11-05,2021-11-20,150000,300000,80000,PROMO7119,True
131,131,"Ưu đãi Voucher 500,000 VND cho mỗi lần giao dịch Cùng ứng dụng",Free Gift,"Khách hàng tham gia chương trình Ưu đãi Voucher 500,000 VND cho mỗi lần giao dịch Cùng ứng dụng sẽ nhận được Free Gift 5% khi thực hiện 7 giao dịch. Áp dụng từ 15/08/2023 đến 31/08/2023. Đừng bỏ lỡ cơ hội nhận Free Gift lớn nhất từ chưa từng có!",2020-12-29,2021-01-05,170000,510000,200000,PROMO2218,True
132,132,Ưu đãi Linh hoạt thanh toán Cùng ứng dụng,Flash Sale,Khách hàng tham gia chương trình Ưu đãi Linh hoạt thanh toán Cùng ứng dụng sẽ nhận được Flash Sale 15% khi thực hiện 8 giao dịch. Áp dụng từ 10/08/2023 đến 29/08/2023. Đừng bỏ lỡ cơ hội nhận Flash Sale lớn nhất từ chưa từng có!,2021-02-06,2021-02-13,80000,400000,190000,PROMO8204,False
133,133,Ưu đãi Vay online Cùng ứng dụng,Exclusive Deal,Khách hàng tham gia chương trình Ưu đãi Vay online Cùng ứng dụng sẽ nhận được Exclusive Deal 9% khi thực hiện 7 giao dịch. Áp dụng từ 10/08/2023 đến 31/08/2023. Đừng bỏ lỡ cơ hội nhận Exclusive Deal lớn nhất từ chưa từng có!,2022-03-18,2022-04-11,140000,280000,200000,PROMO9802,True
134,134,Ưu đãi Giới thiệu bạn bè Cùng ứng dụng,Points Redemption,Khách hàng tham gia chương trình Ưu đãi Giới thiệu bạn bè Cùng ứng dụng sẽ nhận được Points Redemption 8% khi thực hiện 10 giao dịch. Áp dụng từ 1/08/2023 đến 30/08/2023. Đừng bỏ lỡ cơ hội nhận Points Redemption lớn nhất từ chưa từng có!,2020-05-29,2020-06-20,190000,950000,340000,PROMO5523,False
135,135,Ưu đãi Quà tặng với Thẻ tín dụng Cùng ứng dụng,Points Redemption,Khách hàng tham gia chương trình Ưu đãi Quà tặng với Thẻ tín dụng Cùng ứng dụng sẽ nhận được Points Redemption 19% khi thực hiện 3 giao dịch. Áp dụng từ 4/08/2023 đến 30/08/2023. Đừng bỏ lỡ cơ hội nhận Points Redemption lớn nhất từ chưa từng có!,2022-07-17,2022-08-13,130000,260000,420000,PROMO1009,True
136,136,Ưu đãi Vay online Cùng ứng dụng,Exclusive Deal,Khách hàng tham gia chương trình Ưu đãi Vay online Cùng ứng dụng sẽ nhận được Exclusive Deal 9% khi thực hiện 8 giao dịch. Áp dụng từ 18/08/2023 đến 30/08/2023. Đừng bỏ lỡ cơ hội nhận Exclusive Deal lớn nhất từ chưa từng có!,2020-10-03,2020-10-31,130000,520000,170000,PROMO8764,True
137,137,Ưu đãi Nhận coupon giảm giá Cùng ứng dụng,Referral Bonus,Khách hàng tham gia chương trình Ưu đãi Nhận coupon giảm giá Cùng ứng dụng sẽ nhận được Referral Bonus 8% khi thực hiện 8 giao dịch. Áp dụng từ 28/08/2023 đến 29/08/2023. Đừng bỏ lỡ cơ hội nhận Referral Bonus lớn nhất từ chưa từng có!,2020-11-25,2020-12-01,130000,260000,120000,PROMO6139,False
138,138,Ưu đãi Cùng nhau gửi tiết kiệm Cùng ứng dụng,Special Offer,Khách hàng tham gia chương trình Ưu đãi Cùng nhau gửi tiết kiệm Cùng ứng dụng sẽ nhận được Special Offer 6% khi thực hiện 9 giao dịch. Áp dụng từ 14/08/2023 đến 30/08/2023. Đừng bỏ lỡ cơ hội nhận Special Offer lớn nhất từ chưa từng có!,2020-07-22,2020-08-05,80000,320000,480000,PROMO6590,False
139,139,Ưu đãi Đầu tư Thảm đỏ Cùng ứng dụng,Exclusive Deal,Khách hàng tham gia chương trình Ưu đãi Đầu tư Thảm đỏ Cùng ứng dụng sẽ nhận được Exclusive Deal 9% khi thực hiện 3 giao dịch. Áp dụng từ 11/08/2023 đến 31/08/2023. Đừng bỏ lỡ cơ hội nhận Exclusive Deal lớn nhất từ chưa từng có!,2021-02-06,2021-02-12,130000,390000,430000,PROMO9897,False
140,140,Ưu đãi Phí giao dịch 0 đồng Cùng ứng dụng,Cashback,Khách hàng tham gia chương trình Ưu đãi Phí giao dịch 0 đồng Cùng ứng dụng sẽ nhận được Cashback 5% khi thực hiện 10 giao dịch. Áp dụng từ 7/08/2023 đến 30/08/2023. Đừng bỏ lỡ cơ hội nhận Cashback lớn nhất từ chưa từng có!,2021-05-25,2021-06-17,170000,510000,100000,PROMO7508,True
141,141,Ưu đãi Vay online Cùng ứng dụng,Referral Bonus,Khách hàng tham gia chương trình Ưu đãi Vay online Cùng ứng dụng sẽ nhận được Referral Bonus 15% khi thực hiện 8 giao dịch. Áp dụng từ 22/08/2023 đến 29/08/2023. Đừng bỏ lỡ cơ hội nhận Referral Bonus lớn nhất từ chưa từng có!,2020-05-24,2020-06-21,30000,150000,380000,PROMO8719,False
142,142,Ưu đãi Giải quyết nhanh Cùng ứng dụng,Referral Bonus,Khách hàng tham gia chương trình Ưu đãi Giải quyết nhanh Cùng ứng dụng sẽ nhận được Referral Bonus 18% khi thực hiện 10 giao dịch. Áp dụng từ 13/08/2023 đến 31/08/2023. Đừng bỏ lỡ cơ hội nhận Referral Bonus lớn nhất từ chưa từng có!,2022-06-27,2022-07-03,120000,600000,310000,PROMO5365,True
143,143,Ưu đãi Giới thiệu bạn bè Cùng ứng dụng,Discount,Khách hàng tham gia chương trình Ưu đãi Giới thiệu bạn bè Cùng ứng dụng sẽ nhận được Discount 17% khi thực hiện 9 giao dịch. Áp dụng từ 4/08/2023 đến 29/08/2023. Đừng bỏ lỡ cơ hội nhận Discount lớn nhất từ chưa từng có!,2020-03-21,2020-04-13,60000,120000,140000,PROMO3997,False
144,144,Ưu đãi Tặng voucher mua sắm Cùng ứng dụng,Membership Reward,Khách hàng tham gia chương trình Ưu đãi Tặng voucher mua sắm Cùng ứng dụng sẽ nhận được Membership Reward 14% khi thực hiện 5 giao dịch. Áp dụng từ 5/08/2023 đến 31/08/2023. Đừng bỏ lỡ cơ hội nhận Membership Reward lớn nhất từ chưa từng có!,2020-09-07,2020-10-06,120000,240000,60000,PROMO5171,True
145,145,Ưu đãi Hoàn tiền 10% cho thành viên mới Cùng ứng dụng,Points Redemption,Khách hàng tham gia chương trình Ưu đãi Hoàn tiền 10% cho thành viên mới Cùng ứng dụng sẽ nhận được Points Redemption 12% khi thực hiện 9 giao dịch. Áp dụng từ 1/08/2023 đến 31/08/2023. Đừng bỏ lỡ cơ hội nhận Points Redemption lớn nhất từ chưa từng có!,2020-05-19,2020-06-16,190000,570000,350000,PROMO7929,True
146,146,Ưu đãi Thanh toán QR Pay Cùng ứng dụng,Free Gift,Khách hàng tham gia chương trình Ưu đãi Thanh toán QR Pay Cùng ứng dụng sẽ nhận được Free Gift 12% khi thực hiện 4 giao dịch. Áp dụng từ 25/08/2023 đến 31/08/2023. Đừng bỏ lỡ cơ hội nhận Free Gift lớn nhất từ chưa từng có!,2020-04-16,2020-05-06,10000,30000,310000,PROMO3877,False
147,147,Ưu đãi Trả góp 0% lãi suất Cùng ứng dụng,Discount,Khách hàng tham gia chương trình Ưu đãi Trả góp 0% lãi suất Cùng ứng dụng sẽ nhận được Discount 11% khi thực hiện 9 giao dịch. Áp dụng từ 8/08/2023 đến 29/08/2023. Đừng bỏ lỡ cơ hội nhận Discount lớn nhất từ chưa từng có!,2021-11-22,2021-12-11,80000,240000,50000,PROMO9258,True
148,148,Ưu đãi Đầu tư Thảm đỏ Cùng ứng dụng,Points Redemption,Khách hàng tham gia chương trình Ưu đãi Đầu tư Thảm đỏ Cùng ứng dụng sẽ nhận được Points Redemption 19% khi thực hiện 4 giao dịch. Áp dụng từ 19/08/2023 đến 31/08/2023. Đừng bỏ lỡ cơ hội nhận Points Redemption lớn nhất từ chưa từng có!,2021-11-16,2021-11-20,30000,150000,80000,PROMO2469,True
149,149,Ưu đãi Giải quyết nhanh Cùng ứng dụng,Discount,Khách hàng tham gia chương trình Ưu đãi Giải quyết nhanh Cùng ứng dụng sẽ nhận được Discount 12% khi thực hiện 3 giao dịch. Áp dụng từ 1/08/2023 đến 30/08/2023. Đừng bỏ lỡ cơ hội nhận Discount lớn nhất từ chưa từng có!,2022-05-18,2022-06-04,70000,280000,170000,PROMO7808,True
150,150,Ưu đãi Nhận coupon giảm giá Cùng ứng dụng,Loyalty Reward,Khách hàng tham gia chương trình Ưu đãi Nhận coupon giảm giá Cùng ứng dụng sẽ nhận được Loyalty Reward 15% khi thực hiện 10 giao dịch. Áp dụng từ 17/08/2023 đến 30/08/2023. Đừng bỏ lỡ cơ hội nhận Loyalty Reward lớn nhất từ chưa từng có!,2022-07-13,2022-08-02,80000,240000,430000,PROMO7479,False
151,151,Ưu đãi Linh hoạt thanh toán Cùng ứng dụng,Flash Sale,Khách hàng tham gia chương trình Ưu đãi Linh hoạt thanh toán Cùng ứng dụng sẽ nhận được Flash Sale 13% khi thực hiện 8 giao dịch. Áp dụng từ 5/08/2023 đến 30/08/2023. Đừng bỏ lỡ cơ hội nhận Flash Sale lớn nhất từ chưa từng có!,2020-11-05,2020-11-26,160000,640000,110000,PROMO3869,True
152,152,Ưu đãi Cùng nhau gửi tiết kiệm Cùng ứng dụng,Free Gift,Khách hàng tham gia chương trình Ưu đãi Cùng nhau gửi tiết kiệm Cùng ứng dụng sẽ nhận được Free Gift 9% khi thực hiện 7 giao dịch. Áp dụng từ 9/08/2023 đến 30/08/2023. Đừng bỏ lỡ cơ hội nhận Free Gift lớn nhất từ chưa từng có!,2021-08-23,2021-09-06,140000,700000,410000,PROMO5573,False
153,153,Ưu đãi Mua sắm Cùng ứng dụng,Loyalty Reward,Khách hàng tham gia chương trình Ưu đãi Mua sắm Cùng ứng dụng sẽ nhận được Loyalty Reward 9% khi thực hiện 7 giao dịch. Áp dụng từ 8/08/2023 đến 29/08/2023. Đừng bỏ lỡ cơ hội nhận Loyalty Reward lớn nhất từ chưa từng có!,2022-02-21,2022-02-26,30000,90000,330000,PROMO9896,False
154,154,Ưu đãi Đầu tư Thảm đỏ Cùng ứng dụng,Exclusive Deal,Khách hàng tham gia chương trình Ưu đãi Đầu tư Thảm đỏ Cùng ứng dụng sẽ nhận được Exclusive Deal 9% khi thực hiện 10 giao dịch. Áp dụng từ 13/08/2023 đến 31/08/2023. Đừng bỏ lỡ cơ hội nhận Exclusive Deal lớn nhất từ chưa từng có!,2021-10-25,2021-11-03,110000,220000,360000,PROMO2264,True
155,155,Ưu đãi Tiết kiệm Cùng ứng dụng,Discount,Khách hàng tham gia chương trình Ưu đãi Tiết kiệm Cùng ứng dụng sẽ nhận được Discount 17% khi thực hiện 9 giao dịch. Áp dụng từ 14/08/2023 đến 31/08/2023. Đừng bỏ lỡ cơ hội nhận Discount lớn nhất từ chưa từng có!,2022-11-08,2022-11-15,100000,300000,460000,PROMO9822,True
156,156,Ưu đãi Đầu tư Thảm đỏ Cùng ứng dụng,Points Redemption,Khách hàng tham gia chương trình Ưu đãi Đầu tư Thảm đỏ Cùng ứng dụng sẽ nhận được Points Redemption 9% khi thực hiện 7 giao dịch. Áp dụng từ 7/08/2023 đến 31/08/2023. Đừng bỏ lỡ cơ hội nhận Points Redemption lớn nhất từ chưa từng có!,2021-04-25,2021-05-21,140000,700000,340000,PROMO6846,True
157,157,Ưu đãi Đầu tư Thảm đỏ Cùng ứng dụng,Special Offer,Khách hàng tham gia chương trình Ưu đãi Đầu tư Thảm đỏ Cùng ứng dụng sẽ nhận được Special Offer 9% khi thực hiện 8 giao dịch. Áp dụng từ 16/08/2023 đến 31/08/2023. Đừng bỏ lỡ cơ hội nhận Special Offer lớn nhất từ chưa từng có!,2021-04-03,2021-04-15,130000,260000,230000,PROMO9426,False
158,158,Ưu đãi Linh hoạt thanh toán Cùng ứng dụng,Flash Sale,Khách hàng tham gia chương trình Ưu đãi Linh hoạt thanh toán Cùng ứng dụng sẽ nhận được Flash Sale 5% khi thực hiện 7 giao dịch. Áp dụng từ 26/08/2023 đến 31/08/2023. Đừng bỏ lỡ cơ hội nhận Flash Sale lớn nhất từ chưa từng có!,2022-11-02,2022-11-23,110000,220000,160000,PROMO7105,False
159,159,Ưu đãi Khuyến mãi Tiền mặt Cùng ứng dụng,Exclusive Deal,Khách hàng tham gia chương trình Ưu đãi Khuyến mãi Tiền mặt Cùng ứng dụng sẽ nhận được Exclusive Deal 6% khi thực hiện 3 giao dịch. Áp dụng từ 27/08/2023 đến 30/08/2023. Đừng bỏ lỡ cơ hội nhận Exclusive Deal lớn nhất từ chưa từng có!,2020-05-29,2020-06-06,100000,300000,410000,PROMO2692,True
160,160,Ưu đãi Quà tặng với Thẻ tín dụng Cùng ứng dụng,Exclusive Deal,Khách hàng tham gia chương trình Ưu đãi Quà tặng với Thẻ tín dụng Cùng ứng dụng sẽ nhận được Exclusive Deal 12% khi thực hiện 6 giao dịch. Áp dụng từ 17/08/2023 đến 31/08/2023. Đừng bỏ lỡ cơ hội nhận Exclusive Deal lớn nhất từ chưa từng có!,2022-05-19,2022-06-03,170000,340000,210000,PROMO4476,False
161,161,Ưu đãi Ưu đãi Tín dụng độc quyền Cùng ứng dụng,Loyalty Reward,Khách hàng tham gia chương trình Ưu đãi Ưu đãi Tín dụng độc quyền Cùng ứng dụng sẽ nhận được Loyalty Reward 13% khi thực hiện 3 giao dịch. Áp dụng từ 23/08/2023 đến 29/08/2023. Đừng bỏ lỡ cơ hội nhận Loyalty Reward lớn nhất từ chưa từng có!,2022-04-18,2022-05-16,110000,330000,250000,PROMO7193,False
162,162,"Ưu đãi Voucher 500,000 VND cho mỗi lần giao dịch Cùng ứng dụng",Exclusive Deal,"Khách hàng tham gia chương trình Ưu đãi Voucher 500,000 VND cho mỗi lần giao dịch Cùng ứng dụng sẽ nhận được Exclusive Deal 12% khi thực hiện 7 giao dịch. Áp dụng từ 2/08/2023 đến 31/08/2023. Đừng bỏ lỡ cơ hội nhận Exclusive Deal lớn nhất từ chưa từng có!",2020-09-09,2020-09-17,40000,120000,460000,PROMO7724,False
163,163,Ưu đãi Quà tặng với Thẻ tín dụng Cùng ứng dụng,Points Redemption,Khách hàng tham gia chương trình Ưu đãi Quà tặng với Thẻ tín dụng Cùng ứng dụng sẽ nhận được Points Redemption 13% khi thực hiện 10 giao dịch. Áp dụng từ 4/08/2023 đến 31/08/2023. Đừng bỏ lỡ cơ hội nhận Points Redemption lớn nhất từ chưa từng có!,2022-05-09,2022-06-07,180000,540000,70000,PROMO4058,True
164,164,Ưu đãi Hoàn tiền 10% cho thành viên mới Cùng ứng dụng,Discount,Khách hàng tham gia chương trình Ưu đãi Hoàn tiền 10% cho thành viên mới Cùng ứng dụng sẽ nhận được Discount 20% khi thực hiện 6 giao dịch. Áp dụng từ 13/08/2023 đến 31/08/2023. Đừng bỏ lỡ cơ hội nhận Discount lớn nhất từ chưa từng có!,2020-02-03,2020-02-23,50000,200000,210000,PROMO4989,True
165,165,Ưu đãi Chào mừng Cùng ứng dụng,Discount,Khách hàng tham gia chương trình Ưu đãi Chào mừng Cùng ứng dụng sẽ nhận được Discount 18% khi thực hiện 10 giao dịch. Áp dụng từ 7/08/2023 đến 29/08/2023. Đừng bỏ lỡ cơ hội nhận Discount lớn nhất từ chưa từng có!,2020-06-19,2020-07-11,90000,270000,330000,PROMO9351,False
166,166,Ưu đãi Ưu đãi Tín dụng độc quyền Cùng ứng dụng,Free Gift,Khách hàng tham gia chương trình Ưu đãi Ưu đãi Tín dụng độc quyền Cùng ứng dụng sẽ nhận được Free Gift 11% khi thực hiện 6 giao dịch. Áp dụng từ 12/08/2023 đến 31/08/2023. Đừng bỏ lỡ cơ hội nhận Free Gift lớn nhất từ chưa từng có!,2022-01-27,2022-02-17,30000,60000,400000,PROMO6587,True
167,167,Ưu đãi Hoàn tiền 10% cho thành viên mới Cùng ứng dụng,Discount,Khách hàng tham gia chương trình Ưu đãi Hoàn tiền 10% cho thành viên mới Cùng ứng dụng sẽ nhận được Discount 10% khi thực hiện 5 giao dịch. Áp dụng từ 28/08/2023 đến 30/08/2023. Đừng bỏ lỡ cơ hội nhận Discount lớn nhất từ chưa từng có!,2021-02-26,2021-03-16,140000,280000,460000,PROMO9209,True
168,168,Ưu đãi Trả góp 0% lãi suất Cùng ứng dụng,Points Redemption,Khách hàng tham gia chương trình Ưu đãi Trả góp 0% lãi suất Cùng ứng dụng sẽ nhận được Points Redemption 7% khi thực hiện 9 giao dịch. Áp dụng từ 26/08/2023 đến 31/08/2023. Đừng bỏ lỡ cơ hội nhận Points Redemption lớn nhất từ chưa từng có!,2020-07-11,2020-08-09,50000,200000,410000,PROMO7461,False
169,169,Ưu đãi Cùng nhau gửi tiết kiệm Cùng ứng dụng,Flash Sale,Khách hàng tham gia chương trình Ưu đãi Cùng nhau gửi tiết kiệm Cùng ứng dụng sẽ nhận được Flash Sale 6% khi thực hiện 10 giao dịch. Áp dụng từ 1/08/2023 đến 30/08/2023. Đừng bỏ lỡ cơ hội nhận Flash Sale lớn nhất từ chưa từng có!,2021-06-15,2021-06-27,90000,360000,230000,PROMO3447,False
170,170,Ưu đãi Chào mừng Cùng ứng dụng,Exclusive Deal,Khách hàng tham gia chương trình Ưu đãi Chào mừng Cùng ứng dụng sẽ nhận được Exclusive Deal 16% khi thực hiện 9 giao dịch. Áp dụng từ 13/08/2023 đến 31/08/2023. Đừng bỏ lỡ cơ hội nhận Exclusive Deal lớn nhất từ chưa từng có!,2020-04-09,2020-05-07,20000,40000,430000,PROMO2859,True
171,171,Ưu đãi Trả góp 0% lãi suất Cùng ứng dụng,Membership Reward,Khách hàng tham gia chương trình Ưu đãi Trả góp 0% lãi suất Cùng ứng dụng sẽ nhận được Membership Reward 5% khi thực hiện 4 giao dịch. Áp dụng từ 11/08/2023 đến 30/08/2023. Đừng bỏ lỡ cơ hội nhận Membership Reward lớn nhất từ chưa từng có!,2021-01-13,2021-01-27,150000,300000,450000,PROMO7064,True
172,172,Ưu đãi Giải quyết nhanh Cùng ứng dụng,Cashback,Khách hàng tham gia chương trình Ưu đãi Giải quyết nhanh Cùng ứng dụng sẽ nhận được Cashback 19% khi thực hiện 8 giao dịch. Áp dụng từ 17/08/2023 đến 31/08/2023. Đừng bỏ lỡ cơ hội nhận Cashback lớn nhất từ chưa từng có!,2021-11-13,2021-11-16,80000,240000,420000,PROMO6325,False
173,173,Ưu đãi Linh hoạt thanh toán Cùng ứng dụng,Loyalty Reward,Khách hàng tham gia chương trình Ưu đãi Linh hoạt thanh toán Cùng ứng dụng sẽ nhận được Loyalty Reward 9% khi thực hiện 4 giao dịch. Áp dụng từ 13/08/2023 đến 30/08/2023. Đừng bỏ lỡ cơ hội nhận Loyalty Reward lớn nhất từ chưa từng có!,2021-09-22,2021-10-22,30000,150000,390000,PROMO6898,False
174,174,Ưu đãi Khuyến mãi Tiền mặt Cùng ứng dụng,Exclusive Deal,Khách hàng tham gia chương trình Ưu đãi Khuyến mãi Tiền mặt Cùng ứng dụng sẽ nhận được Exclusive Deal 16% khi thực hiện 3 giao dịch. Áp dụng từ 23/08/2023 đến 29/08/2023. Đừng bỏ lỡ cơ hội nhận Exclusive Deal lớn nhất từ chưa từng có!,2021-08-28,2021-09-24,150000,450000,160000,PROMO5350,False
175,175,"Ưu đãi Voucher 500,000 VND cho mỗi lần giao dịch Cùng ứng dụng",Special Offer,"Khách hàng tham gia chương trình Ưu đãi Voucher 500,000 VND cho mỗi lần giao dịch Cùng ứng dụng sẽ nhận được Special Offer 7% khi thực hiện 4 giao dịch. Áp dụng từ 23/08/2023 đến 29/08/2023. Đừng bỏ lỡ cơ hội nhận Special Offer lớn nhất từ chưa từng có!",2020-06-09,2020-06-20,110000,550000,310000,PROMO2364,True
176,176,Ưu đãi Mở tài khoản Cùng ứng dụng,Membership Reward,Khách hàng tham gia chương trình Ưu đãi Mở tài khoản Cùng ứng dụng sẽ nhận được Membership Reward 13% khi thực hiện 6 giao dịch. Áp dụng từ 7/08/2023 đến 29/08/2023. Đừng bỏ lỡ cơ hội nhận Membership Reward lớn nhất từ chưa từng có!,2022-11-11,2022-11-22,90000,450000,260000,PROMO1771,False
177,177,Ưu đãi Linh hoạt thanh toán Cùng ứng dụng,Membership Reward,Khách hàng tham gia chương trình Ưu đãi Linh hoạt thanh toán Cùng ứng dụng sẽ nhận được Membership Reward 7% khi thực hiện 8 giao dịch. Áp dụng từ 11/08/2023 đến 30/08/2023. Đừng bỏ lỡ cơ hội nhận Membership Reward lớn nhất từ chưa từng có!,2022-04-05,2022-05-05,170000,510000,330000,PROMO1577,False
178,178,Ưu đãi Cùng nhau gửi tiết kiệm Cùng ứng dụng,Discount,Khách hàng tham gia chương trình Ưu đãi Cùng nhau gửi tiết kiệm Cùng ứng dụng sẽ nhận được Discount 5% khi thực hiện 8 giao dịch. Áp dụng từ 14/08/2023 đến 31/08/2023. Đừng bỏ lỡ cơ hội nhận Discount lớn nhất từ chưa từng có!,2020-06-15,2020-06-23,60000,120000,460000,PROMO9615,False
179,179,Ưu đãi Thanh toán QR Pay Cùng ứng dụng,Referral Bonus,Khách hàng tham gia chương trình Ưu đãi Thanh toán QR Pay Cùng ứng dụng sẽ nhận được Referral Bonus 12% khi thực hiện 4 giao dịch. Áp dụng từ 19/08/2023 đến 29/08/2023. Đừng bỏ lỡ cơ hội nhận Referral Bonus lớn nhất từ chưa từng có!,2021-08-15,2021-09-05,140000,280000,450000,PROMO5367,False
180,180,Ưu đãi Linh hoạt thanh toán Cùng ứng dụng,Discount,Khách hàng tham gia chương trình Ưu đãi Linh hoạt thanh toán Cùng ứng dụng sẽ nhận được Discount 16% khi thực hiện 10 giao dịch. Áp dụng từ 11/08/2023 đến 31/08/2023. Đừng bỏ lỡ cơ hội nhận Discount lớn nhất từ chưa từng có!,2022-08-23,2022-09-18,110000,440000,160000,PROMO4600,True
181,181,Ưu đãi Mua sắm Cùng ứng dụng,Flash Sale,Khách hàng tham gia chương trình Ưu đãi Mua sắm Cùng ứng dụng sẽ nhận được Flash Sale 6% khi thực hiện 5 giao dịch. Áp dụng từ 9/08/2023 đến 31/08/2023. Đừng bỏ lỡ cơ hội nhận Flash Sale lớn nhất từ chưa từng có!,2021-01-23,2021-01-27,70000,140000,370000,PROMO4769,True
182,182,Ưu đãi Ưu đãi Tín dụng độc quyền Cùng ứng dụng,Loyalty Reward,Khách hàng tham gia chương trình Ưu đãi Ưu đãi Tín dụng độc quyền Cùng ứng dụng sẽ nhận được Loyalty Reward 6% khi thực hiện 6 giao dịch. Áp dụng từ 7/08/2023 đến 30/08/2023. Đừng bỏ lỡ cơ hội nhận Loyalty Reward lớn nhất từ chưa từng có!,2021-11-05,2021-11-17,150000,450000,410000,PROMO9036,False
183,183,Ưu đãi Phí giao dịch 0 đồng Cùng ứng dụng,Points Redemption,Khách hàng tham gia chương trình Ưu đãi Phí giao dịch 0 đồng Cùng ứng dụng sẽ nhận được Points Redemption 7% khi thực hiện 6 giao dịch. Áp dụng từ 20/08/2023 đến 29/08/2023. Đừng bỏ lỡ cơ hội nhận Points Redemption lớn nhất từ chưa từng có!,2022-12-13,2022-12-22,120000,480000,400000,PROMO7983,False
184,184,Ưu đãi Cùng nhau gửi tiết kiệm Cùng ứng dụng,Discount,Khách hàng tham gia chương trình Ưu đãi Cùng nhau gửi tiết kiệm Cùng ứng dụng sẽ nhận được Discount 20% khi thực hiện 3 giao dịch. Áp dụng từ 4/08/2023 đến 31/08/2023. Đừng bỏ lỡ cơ hội nhận Discount lớn nhất từ chưa từng có!,2021-01-10,2021-02-02,10000,50000,320000,PROMO6629,False
185,185,Ưu đãi Chào mừng Cùng ứng dụng,Points Redemption,Khách hàng tham gia chương trình Ưu đãi Chào mừng Cùng ứng dụng sẽ nhận được Points Redemption 11% khi thực hiện 10 giao dịch. Áp dụng từ 27/08/2023 đến 31/08/2023. Đừng bỏ lỡ cơ hội nhận Points Redemption lớn nhất từ chưa từng có!,2020-03-03,2020-03-24,180000,900000,430000,PROMO8374,False
186,186,Ưu đãi Thanh toán QR Pay Cùng ứng dụng,Special Offer,Khách hàng tham gia chương trình Ưu đãi Thanh toán QR Pay Cùng ứng dụng sẽ nhận được Special Offer 14% khi thực hiện 9 giao dịch. Áp dụng từ 20/08/2023 đến 31/08/2023. Đừng bỏ lỡ cơ hội nhận Special Offer lớn nhất từ chưa từng có!,2020-06-12,2020-06-23,10000,40000,270000,PROMO6083,True
187,187,Ưu đãi Nhận coupon giảm giá Cùng ứng dụng,Discount,Khách hàng tham gia chương trình Ưu đãi Nhận coupon giảm giá Cùng ứng dụng sẽ nhận được Discount 19% khi thực hiện 10 giao dịch. Áp dụng từ 12/08/2023 đến 29/08/2023. Đừng bỏ lỡ cơ hội nhận Discount lớn nhất từ chưa từng có!,2021-08-30,2021-09-18,20000,100000,110000,PROMO4426,False
188,188,Ưu đãi Phí giao dịch 0 đồng Cùng ứng dụng,Loyalty Reward,Khách hàng tham gia chương trình Ưu đãi Phí giao dịch 0 đồng Cùng ứng dụng sẽ nhận được Loyalty Reward 17% khi thực hiện 9 giao dịch. Áp dụng từ 2/08/2023 đến 31/08/2023. Đừng bỏ lỡ cơ hội nhận Loyalty Reward lớn nhất từ chưa từng có!,2022-11-16,2022-11-22,50000,200000,230000,PROMO1134,False
189,189,"Ưu đãi Voucher 500,000 VND cho mỗi lần giao dịch Cùng ứng dụng",Discount,"Khách hàng tham gia chương trình Ưu đãi Voucher 500,000 VND cho mỗi lần giao dịch Cùng ứng dụng sẽ nhận được Discount 14% khi thực hiện 9 giao dịch. Áp dụng từ 1/08/2023 đến 30/08/2023. Đừng bỏ lỡ cơ hội nhận Discount lớn nhất từ chưa từng có!",2020-09-29,2020-10-12,60000,240000,430000,PROMO1814,True
190,190,Ưu đãi Chào mừng Cùng ứng dụng,Free Gift,Khách hàng tham gia chương trình Ưu đãi Chào mừng Cùng ứng dụng sẽ nhận được Free Gift 8% khi thực hiện 4 giao dịch. Áp dụng từ 5/08/2023 đến 31/08/2023. Đừng bỏ lỡ cơ hội nhận Free Gift lớn nhất từ chưa từng có!,2022-03-30,2022-04-11,190000,950000,350000,PROMO6583,True
191,191,Ưu đãi Mua sắm Cùng ứng dụng,Loyalty Reward,Khách hàng tham gia chương trình Ưu đãi Mua sắm Cùng ứng dụng sẽ nhận được Loyalty Reward 16% khi thực hiện 7 giao dịch. Áp dụng từ 10/08/2023 đến 30/08/2023. Đừng bỏ lỡ cơ hội nhận Loyalty Reward lớn nhất từ chưa từng có!,2022-03-17,2022-04-02,190000,950000,120000,PROMO2215,True
192,192,Ưu đãi Quà tặng với Thẻ tín dụng Cùng ứng dụng,Referral Bonus,Khách hàng tham gia chương trình Ưu đãi Quà tặng với Thẻ tín dụng Cùng ứng dụng sẽ nhận được Referral Bonus 6% khi thực hiện 6 giao dịch. Áp dụng từ 21/08/2023 đến 29/08/2023. Đừng bỏ lỡ cơ hội nhận Referral Bonus lớn nhất từ chưa từng có!,2021-12-07,2021-12-17,170000,850000,440000,PROMO7215,True
193,193,Ưu đãi Nhận coupon giảm giá Cùng ứng dụng,Loyalty Reward,Khách hàng tham gia chương trình Ưu đãi Nhận coupon giảm giá Cùng ứng dụng sẽ nhận được Loyalty Reward 14% khi thực hiện 8 giao dịch. Áp dụng từ 1/08/2023 đến 31/08/2023. Đừng bỏ lỡ cơ hội nhận Loyalty Reward lớn nhất từ chưa từng có!,2020-04-05,2020-04-30,120000,480000,190000,PROMO8278,False
194,194,Ưu đãi Thanh toán QR Pay Cùng ứng dụng,Loyalty Reward,Khách hàng tham gia chương trình Ưu đãi Thanh toán QR Pay Cùng ứng dụng sẽ nhận được Loyalty Reward 5% khi thực hiện 8 giao dịch. Áp dụng từ 14/08/2023 đến 31/08/2023. Đừng bỏ lỡ cơ hội nhận Loyalty Reward lớn nhất từ chưa từng có!,2022-03-21,2022-04-03,90000,450000,350000,PROMO6203,True
195,195,Ưu đãi Trả góp 0% lãi suất Cùng ứng dụng,Special Offer,Khách hàng tham gia chương trình Ưu đãi Trả góp 0% lãi suất Cùng ứng dụng sẽ nhận được Special Offer 13% khi thực hiện 9 giao dịch. Áp dụng từ 1/08/2023 đến 30/08/2023. Đừng bỏ lỡ cơ hội nhận Special Offer lớn nhất từ chưa từng có!,2022-07-16,2022-08-12,90000,180000,450000,PROMO9059,True
196,196,Ưu đãi Ưu đãi Tín dụng độc quyền Cùng ứng dụng,Referral Bonus,Khách hàng tham gia chương trình Ưu đãi Ưu đãi Tín dụng độc quyền Cùng ứng dụng sẽ nhận được Referral Bonus 13% khi thực hiện 9 giao dịch. Áp dụng từ 12/08/2023 đến 29/08/2023. Đừng bỏ lỡ cơ hội nhận Referral Bonus lớn nhất từ chưa từng có!,2022-01-23,2022-01-27,170000,340000,350000,PROMO9441,True
197,197,Ưu đãi Giới thiệu bạn bè Cùng ứng dụng,Special Offer,Khách hàng tham gia chương trình Ưu đãi Giới thiệu bạn bè Cùng ứng dụng sẽ nhận được Special Offer 6% khi thực hiện 4 giao dịch. Áp dụng từ 7/08/2023 đến 29/08/2023. Đừng bỏ lỡ cơ hội nhận Special Offer lớn nhất từ chưa từng có!,2021-02-22,2021-03-18,30000,60000,330000,PROMO7929,True
198,198,Ưu đãi Chào mừng Cùng ứng dụng,Discount,Khách hàng tham gia chương trình Ưu đãi Chào mừng Cùng ứng dụng sẽ nhận được Discount 5% khi thực hiện 3 giao dịch. Áp dụng từ 18/08/2023 đến 30/08/2023. Đừng bỏ lỡ cơ hội nhận Discount lớn nhất từ chưa từng có!,2021-10-24,2021-11-06,10000,20000,440000,PROMO1144,True
199,199,Ưu đãi Giải quyết nhanh Cùng ứng dụng,Referral Bonus,Khách hàng tham gia chương trình Ưu đãi Giải quyết nhanh Cùng ứng dụng sẽ nhận được Referral Bonus 13% khi thực hiện 7 giao dịch. Áp dụng từ 19/08/2023 đến 31/08/2023. Đừng bỏ lỡ cơ hội nhận Referral Bonus lớn nhất từ chưa từng có!,2022-11-02,2022-11-21,130000,520000,220000,PROMO4825,True
