,customer_id,label_datetime,fraud_label,age,gender,city,occupation,education,marital_status,membership_level,customer_points,total_redeemed_points,discount_rate,has_fraud_txn,has_used_jailbreak,is_emulator,is_blacklist,aov_last_30days,membership_lifespan,num_day_since_last_active,num_active_last_7d,num_active_last_14d,num_active_last_30d,signup_in_latenight,most_active_hour,num_apply_lending,num_reject_lending_by_3pt,total_amount_spent,total_amount_spent_last_30d,total_amount_spent_last_60d,total_amount_spent_last_90d,total_amount_spent_last_180d,total_amount_spent_last_365d,total_tax_amount_spent,total_fee_amount_spent,num_completed_txn,num_canceled_txn,num_reject_txn,pct_reject2total_txn,top_rejected_reason,num_refunded_txn,top_refunded_reason,top_payment_method,top_payment_channel,is_ordering_shipping_address_same,prob_abuse_promotion,num_used_promotion,prob_abnormal_activity,num_select_promotion,num_interest_products,income_spending_ratio,income_stability,total_tax_amount,income_source,annually_income_segment,monthly_income,total_property_value,top_property_type,in_debt,monthly_bill_amount,total_annual_bill_amount,num_bill_overdue
0,657,2021-09-24,Good,19.0,Nam,Thái Nguyên,Designer,Trung học phổ thông,Độc thân,Loyalty,461.0,94,0.03,False,True,True,Không,47926.56113888264,576.0,262,133,441,768,False,22,5.0,17,1754430000,292794000,995608000.0,170573000.0,834777000,927514000,52386100,5715540,29,26,17,0.6980786534614067,Khách hàng không hài lòng với trải nghiệm mua hàng,10,Vấn đề khác,Thanh toán bằng QR Code,Cổng thanh toán của bên thứ ba,True,,86,0.89,,14,0.9574450757472054,Thất thường,5410000,,Dưới 300 triệu,16000000.0,1500000000,Căn hộ/Chung cư,Có,,135108000,8
1,9263,2021-02-22,Good,19.0,Nam,Hà Nội,Lập trình viên,Tiến sĩ,Độc thân,Loyalty,300.0,61,0.03,False,False,False,Không,20896.63846267597,277.0,82,188,515,221,False,21,4.0,11,386783000,213601000,96000.0,65335000.0,938719000,496027000,24954100,101750,6,51,53,0.7369918143093048,Sản phẩm không hoạt động đúng cách,4,Sản phẩm gửi sai,Thanh toán qua cổng thanh toán trực tuyến,Điểm thanh toán tự động,False,,62,0.19,,13,0.6521318666615621,Rất ổn định,9656000,Kinh doanh truyền thống,Trên 1 tỷ,181000000.0,800000000,Bất động sản thương mại,Có,,49524000,7
2,13576,2022-12-12,Bad,35.0,Nữ,Đắk Lắk,Lập trình viên,Đi làm,Độc thân,Loyalty,402.0,218,0.03,False,True,False,Không,95831.74791221097,21.0,205,16,528,619,True,20,15.0,17,4373747000,928772000,487662000.0,485331000.0,14336000,647794000,38924900,7517590,1,1,23,0.4720286206133421,Vấn đề khác,12,Khách hàng không nhận được hàng,Thanh toán bằng QR Code,Cổng thanh toán của bên thứ ba,True,,72,0.6,989.0,8,0.9661389044418413,Thất thường,1467000,Làm thuê,Trên 3 tỷ,,600000000,Căn hộ/Chung cư,Không,,499464000,11
3,6886,2022-12-24,Bad,30.0,,Bình Dương,Kỹ sư,Trung học phổ thông,Độc thân,Loyalty,293.0,259,0.04,False,True,True,Có,8822.900506999033,583.0,58,280,154,494,False,4,,6,3164343000,342508000,981876000.0,698182000.0,255515000,693378000,29828100,7593400,36,72,65,0.5387639749214742,Vấn đề khác,13,Khách hàng không nhận được hàng,Thanh toán qua cổng thanh toán trực tuyến,Ứng dụng điện thoại di động,True,0.0935028248383711,94,0.87,484.0,39,0.5136821240466921,Rất ổn định,2289000,Làm thuê,Từ 300 triệu tới 1 tỷ,9000000.0,500000000,Đất đai,Không,49200000.0,422304000,4
4,1850,2021-10-05,Good,14.0,Nam,Hà Nội,Kỹ sư,Sinh viên,Độc thân,Loyalty,,153,0.04,False,True,False,Không,64454.83777920404,891.0,165,183,588,789,False,2,10.0,16,9261961000,260533000,866643000.0,579500000.0,265511000,43876000,99908600,5843670,186,39,41,0.1835586631392988,Sản phẩm không hoạt động đúng cách,2,"Khách hàng đổi ý, không muốn mua nữa",Thanh toán qua cổng thanh toán trực tuyến,Cửa hàng trực tiếp,True,0.1477807726658719,92,0.62,90.0,17,0.3061423184756915,Rất ổn định,1146000,Làm thuê,Dưới 300 triệu,,1100000000,Căn hộ/Chung cư,Không,,253740000,13
5,9057,2022-03-09,Good,26.0,,Quảng Ngãi,Lập trình viên,Không có,Độc thân,Loyalty,229.0,161,0.03,False,,True,Không,6208.920330213829,888.0,191,94,247,72,True,1,16.0,15,91763000,17364000,891393000.0,170219000.0,901000000,82128000,31632900,770920,23,67,22,0.6577675342480219,Sản phẩm không như hình ảnh minh họa,15,Sản phẩm đã hết hạn sử dụng,Thanh toán bằng QR Code,Cổng thanh toán của bên thứ ba,False,0.1213805459478822,71,0.96,668.0,27,0.6147119979212547,Rất ổn định,4419000,Kinh doanh online,Dưới 300 triệu,50000000.0,300000000,Căn hộ/Chung cư,Có,32100000.0,25320000,20
6,8645,2021-05-19,Good,20.0,Nam,Hà Nội,Bác sĩ,Đi làm,Có gia đình,Loyalty,121.0,106,0.04,True,True,False,Không,28562.513580678493,863.0,6,267,517,336,False,2,14.0,16,9498985000,600242000,861840000.0,532077000.0,397339000,394947000,34269700,2273500,289,83,47,0.1392489464182462,Vấn đề khác,5,Sản phẩm gửi sai,Thanh toán qua cổng thanh toán trực tuyến,Cửa hàng trực tiếp,False,0.2757147430571385,97,0.91,771.0,21,0.1969159437675612,Tạm ổn,6057000,,Dưới 300 triệu,473000000.0,700000000,Căn hộ/Chung cư,Có,300000.0,169116000,24
7,4539,2022-07-24,Good,,,Cần Thơ,Giám đốc,Trung học phổ thông,Ly hôn,Loyalty,,3,0.04,True,False,True,Không,98833.36396619744,243.0,357,149,70,775,True,4,18.0,2,5582444000,447593000,203938000.0,642959000.0,607369000,397381000,54202600,4843490,145,62,18,0.2753985965919273,Sản phẩm không hoạt động đúng cách,8,Khách hàng không nhận được hàng,Thanh toán qua cổng thanh toán trực tuyến,Giao diện thanh toán trực tuyến trên website,False,,59,0.82,148.0,15,0.2734823710425085,Ổn định,2399000,,Trên 3 tỷ,30000000.0,1200000000,Đất đai,Không,,569004000,20
8,6172,2022-07-15,Good,21.0,Nữ,Cần Thơ,Kỹ sư phần mềm,Đi làm,Độc thân,Loyalty,,426,0.05,True,,True,Không,76318.99907473811,658.0,324,158,8,365,True,2,,16,8244046000,262436000,130487000.0,126314000.0,834732000,153780000,91046900,3255110,154,41,54,0.0146943832549586,Dịch vụ không chuyên nghiệp,11,Sản phẩm gửi sai,Thanh toán qua cổng thanh toán trực tuyến,Điểm thanh toán tự động,True,0.3750086867600234,94,0.49,304.0,23,0.77076632975974,Ổn định,8238000,Kinh doanh truyền thống,Dưới 300 triệu,9000000.0,400000000,Căn hộ/Chung cư,Không,,85452000,7
9,490,2022-12-30,Good,36.0,,Bình Dương,Kiến trúc sư,Trung học phổ thông,Đã kết hôn,Loyalty,376.0,135,0.04,False,True,True,Không,48488.58629092965,687.0,191,134,148,849,False,4,,19,2501564000,504969000,545456000.0,,885334000,911285000,52463200,6718430,156,39,47,0.4438871096349188,Sản phẩm giao muộn so với hẹn giao,7,Khách hàng không nhận được hàng,Chuyển khoản ngân hàng,Giao diện thanh toán trực tuyến trên website,False,,87,0.94,,28,0.2407089106748995,Ổn định,9461000,Freelancer,Từ 300 triệu tới 1 tỷ,1000000.0,1900000000,Bất động sản thương mại,Không,44200000.0,123240000,18
10,3810,2022-01-28,Good,27.0,Nam,Quảng Ninh,Lập trình viên,Đại học,Độc thân,Loyalty,237.0,150,0.04,True,,False,Không,93449.04444178096,479.0,103,209,38,984,True,21,,14,9917561000,4783000,181391000.0,789881000.0,866747000,518377000,97200100,3332050,216,16,65,0.6256665092615932,Sản phẩm không như hình ảnh minh họa,7,Sản phẩm bị hỏng trong quá trình vận chuyển,Thanh toán bằng QR Code,Cổng thanh toán của bên thứ ba,True,0.0345046260706365,97,0.94,658.0,28,0.6682969338968898,Thất thường,2097000,,Dưới 300 triệu,59000000.0,1000000000,Đất đai,Không,,501888000,17
11,4789,2021-05-22,Good,30.0,Nam,Bắc Ninh,Lập trình viên,Sinh viên,Độc thân,Loyalty,348.0,177,0.05,True,,True,Không,99507.27054037555,724.0,7,59,456,725,True,22,5.0,11,4120372000,712700000,841159000.0,79696000.0,754083000,179515000,82579100,5914310,100,80,42,0.5209043291548244,Sản phẩm không như hình ảnh minh họa,3,Vấn đề khác,Thanh toán qua cổng thanh toán trực tuyến,Giao diện thanh toán trực tuyến trên website,True,0.5001440620251223,88,0.96,646.0,24,0.8789830396040409,Rất ổn định,2308000,,Trên 3 tỷ,3000000.0,800000000,Nhà ở chính,,25100000.0,528312000,15
12,8124,2021-08-30,Bad,29.0,Nam,Hậu Giang,Kỹ sư,Đi làm,Đã kết hôn,Loyalty,372.0,69,0.03,True,,True,Không,32661.421898824927,409.0,94,284,563,374,False,2,9.0,19,6129907000,655907000,218686000.0,707713000.0,117013000,360398000,29373200,3690130,249,85,38,0.2984834024761327,Khách hàng không hài lòng với trải nghiệm mua hàng,12,Sản phẩm bị hỏng trong quá trình vận chuyển,Thanh toán bằng QR Code,Giao diện thanh toán trực tuyến trên website,True,,87,0.72,,22,0.8430499877529517,Rất ổn định,6603000,Kinh doanh online,Từ 300 triệu tới 1 tỷ,9000000.0,1500000000,Đất đai,Có,,337008000,17
13,14037,2022-05-21,Good,28.0,Nữ,Hà Nội,Công nhân,Sinh viên,Đã kết hôn,Loyalty,,22,0.04,True,True,False,Không,58653.62692124876,,255,300,399,489,True,11,13.0,13,7750311000,730340000,,,274276000,201121000,11740200,1984200,279,15,68,0.1141456214799705,Dịch vụ không chuyên nghiệp,11,Vấn đề khác,Thanh toán bằng QR Code,Giao diện thanh toán trực tuyến trên website,False,0.3032408698588634,36,0.62,206.0,28,0.8267995046733165,Tạm ổn,1557000,Làm thuê,Trên 3 tỷ,85000000.0,900000000,Nhà ở chính,Có,28800000.0,544380000,11
14,5289,2022-11-20,Good,29.0,Nam,Hồ Chí Minh,Lập trình viên,Thạc sĩ,Có gia đình,VIP,,725,0.07,False,True,True,Không,48020.575346590966,804.0,137,83,419,678,False,22,1.0,8,3895373000,946311000,630068000.0,758900000.0,438226000,717203000,5564000,825330,35,52,7,0.9857711202266952,Khách hàng không hài lòng với trải nghiệm mua hàng,13,Vấn đề khác,Thanh toán bằng QR Code,Cửa hàng trực tiếp,False,0.1876501307103149,86,0.78,851.0,50,0.0916519285529787,Rất ổn định,430000,Kinh doanh online,Trên 3 tỷ,450000000.0,500000000,Nhà ở chính,Không,37800000.0,238632000,15
15,4968,2021-04-20,Good,28.0,Nữ,Long An,Kiến trúc sư,Đại học,Có gia đình,VIP,673.0,423,0.1,False,,False,Không,63443.73174260842,,118,273,202,54,False,2,,8,5182964000,326999000,994902000.0,767950000.0,62626000,52564000,28200300,9190280,169,53,18,0.0007684755367448,Vấn đề khác,5,Khách hàng không nhận được hàng,Thẻ tín dụng,Giao diện thanh toán trực tuyến trên website,True,0.8911324229159593,62,0.2,,0,0.9742251696549528,Thất thường,9109000,,Từ 300 triệu tới 1 tỷ,953000000.0,1000000000,Đất đai,Có,25200000.0,321192000,9
16,12290,2022-08-07,Good,34.0,Nữ,Đà Nẵng,Công nhân,Đi làm,Có gia đình,VIP,626.0,557,0.1,True,False,False,Không,12172.147607549468,891.0,286,281,306,951,False,3,,16,6033047000,876912000,754902000.0,498440000.0,639388000,10978000,58644400,7022300,22,66,12,0.0012354682028272,Dịch vụ không chuyên nghiệp,10,Sản phẩm gửi sai,Tiền mặt khi nhận hàng (COD),Điểm thanh toán tự động,True,0.0569291402931796,71,0.52,340.0,36,0.7440247289883506,Rất ổn định,6476000,Kinh doanh truyền thống,Trên 3 tỷ,978000000.0,1800000000,Căn hộ/Chung cư,Có,5400000.0,84048000,21
17,74,2021-06-15,Good,27.0,Nam,Đắk Lắk,Biên tập viên,Trung học phổ thông,Có 1 bé,VIP,,721,0.1,False,True,True,Không,56756.96233713965,,76,137,371,593,False,4,8.0,14,3175479000,563198000,693940000.0,23037000.0,110512000,229217000,28907200,1769310,165,31,13,0.0328271061814752,Sản phẩm không như hình ảnh minh họa,5,Sản phẩm nhận không đủ số lượng,Thanh toán qua cổng thanh toán trực tuyến,Giao diện thanh toán trực tuyến trên website,False,0.8639519226092048,73,0.94,298.0,23,0.4056996090618293,Rất ổn định,3343000,Kinh doanh truyền thống,Từ 300 triệu tới 1 tỷ,949000000.0,1300000000,Nhà ở chính,Không,,48228000,4
18,1808,2022-12-21,Bad,,Nữ,Hồ Chí Minh,Bác sĩ,Đi làm,Độc thân,VIP,,80,0.05,False,True,True,Không,49408.04634177152,433.0,102,71,193,484,False,16,5.0,11,3334067000,417232000,391462000.0,281770000.0,658876000,439048000,17130200,7871420,38,35,34,0.287370413361424,Dịch vụ không chuyên nghiệp,11,"Khách hàng đổi ý, không muốn mua nữa",Thanh toán bằng QR Code,Giao diện thanh toán trực tuyến trên website,False,0.4296025341127952,73,0.44,,43,0.9882296654265502,Thất thường,8883000,Làm thuê,Trên 1 tỷ,1000000.0,1800000000,Căn hộ/Chung cư,Có,48800000.0,80148000,21
19,10959,2022-07-23,Good,31.0,,Bình Dương,Xây dựng,Trung học phổ thông,Độc thân,VIP,665.0,430,0.1,False,True,True,Không,19402.59557682124,,349,283,522,132,True,18,,3,9548582000,65568000,128267000.0,783160000.0,127275000,730980000,74580300,3103850,281,89,29,0.8431303850191905,Sản phẩm không đáp ứng yêu cầu của khách hàng,10,"Khách hàng đổi ý, không muốn mua nữa",Thẻ tín dụng,Cổng thanh toán của bên thứ ba,True,0.8118830547952129,92,0.55,,15,0.7586740797031067,Ổn định,6974000,Kinh doanh truyền thống,Từ 300 triệu tới 1 tỷ,534000000.0,1200000000,Bất động sản thương mại,Có,42600000.0,192588000,5
20,5538,2022-05-04,Good,28.0,Nữ,Đà Nẵng,Giám đốc,Sinh viên,Độc thân,VIP,760.0,359,0.07,True,False,False,Không,43128.83836371975,746.0,283,177,531,116,True,1,4.0,1,7309586000,455029000,340813000.0,18170000.0,592486000,308186000,94750000,4689460,154,56,12,0.3568567637945187,Dịch vụ không chuyên nghiệp,5,"Khách hàng đổi ý, không muốn mua nữa",Tiền mặt khi nhận hàng (COD),Giao diện thanh toán trực tuyến trên website,True,0.8698996956727129,17,0.9,3.0,29,0.3377504499678941,Tạm ổn,1354000,Kinh doanh truyền thống,Trên 3 tỷ,767000000.0,900000000,Bất động sản thương mại,,43600000.0,302124000,5
21,9443,2021-08-16,Good,20.0,Nam,Bình Phước,Giám đốc,Đi làm,Ly hôn,VIP,848.0,114,0.1,False,True,True,Không,96047.26720442352,651.0,80,120,328,921,True,3,,11,8886957000,955854000,,889901000.0,479204000,99518000,62114100,4365810,41,81,1,0.0835473087478952,Sản phẩm không hoạt động đúng cách,13,Sản phẩm đã hết hạn sử dụng,Thẻ tín dụng,Ứng dụng điện thoại di động,True,0.3858646838570622,3,0.09,664.0,47,0.0807556397978813,Tạm ổn,3462000,,Trên 1 tỷ,795000000.0,1400000000,Căn hộ/Chung cư,Không,,257364000,17
22,5452,2021-06-08,Good,34.0,Nam,Hà Nội,Diễn viên,Thạc sĩ,Độc thân,VIP,838.0,578,0.1,False,True,False,Không,42437.630720889385,,258,92,353,925,False,21,9.0,1,4359938000,714518000,869563000.0,731794000.0,609492000,312022000,55866000,5920620,29,60,4,0.6003709533976824,Khách hàng không hài lòng với trải nghiệm mua hàng,12,Sản phẩm gửi sai,Chuyển khoản ngân hàng,Giao diện thanh toán trực tuyến trên website,False,0.8120822014123387,34,0.18,399.0,16,0.9105630412153356,Thất thường,6843000,Kinh doanh online,Dưới 300 triệu,469000000.0,1900000000,Căn hộ/Chung cư,Có,40600000.0,171012000,2
23,7828,2021-10-26,Good,70.0,Nữ,Thừa Thiên Huế,Nhân viên,Thạc sĩ,Độc thân,VIP,725.0,507,0.1,False,False,True,Không,75799.4084235844,280.0,203,7,567,283,True,23,12.0,2,1371270000,101810000,966497000.0,990109000.0,552488000,837542000,34568000,6096330,219,80,4,0.6595019526853444,Sản phẩm giao muộn so với hẹn giao,13,Sản phẩm không đúng mô tả,Thanh toán qua cổng thanh toán trực tuyến,Ứng dụng điện thoại di động,False,0.7713191166128405,81,0.62,,14,0.2198933434747205,Ổn định,9958000,,Trên 3 tỷ,583000000.0,1400000000,Căn hộ/Chung cư,Có,,456120000,9
24,10429,2021-10-22,Good,71.0,Nữ,Hồ Chí Minh,Lập trình viên,Thạc sĩ,Độc thân,VIP,798.0,379,0.07,False,True,True,Không,51951.92009238438,812.0,363,291,539,205,True,23,11.0,5,8797054000,200788000,534687000.0,568923000.0,160870000,192999000,7050500,8154460,244,30,9,0.3524637278432545,Vấn đề khác,8,Sản phẩm gửi sai,Thanh toán bằng QR Code,Điểm thanh toán tự động,False,0.3135311839395037,32,0.1,,8,0.0813742176144162,Thất thường,9760000,Đầu tư,Trên 1 tỷ,945000000.0,1400000000,Bất động sản thương mại,Có,49800000.0,116460000,11
25,2511,2021-05-11,Good,43.0,Nữ,Hồ Chí Minh,Lập trình viên,Không có,Có gia đình,VIP,980.0,243,0.05,False,,True,Không,18774.06862121186,702.0,309,12,78,202,False,23,8.0,9,2571137000,269070000,69500000.0,,176428000,197935000,60500800,8470770,124,39,5,0.2610862495902936,Sản phẩm không hoạt động đúng cách,8,Sản phẩm bị hỏng trong quá trình vận chuyển,Thẻ tín dụng,Giao diện thanh toán trực tuyến trên website,False,0.6417300469973055,26,0.53,408.0,39,0.861589884457874,Ổn định,2138000,Cho thuê,Trên 3 tỷ,922000000.0,1900000000,Nhà ở chính,Có,13200000.0,592920000,1
26,512,2022-08-18,Good,,Nam,Hồ Chí Minh,Kiến trúc sư,Trung học phổ thông,Đã kết hôn,VIP,630.0,279,0.07,True,False,False,Không,,823.0,361,191,412,30,False,3,6.0,7,1590445000,383392000,12402000.0,376395000.0,59495000,160708000,49944700,7368200,35,71,15,0.8727680900033584,Sản phẩm không hoạt động đúng cách,9,Sản phẩm bị hỏng trong quá trình vận chuyển,Thanh toán qua cổng thanh toán trực tuyến,Điểm thanh toán tự động,False,0.0608607619164842,66,0.04,,47,0.7719645708944339,Rất ổn định,2295000,Kinh doanh truyền thống,Dưới 300 triệu,961000000.0,1800000000,Nhà ở chính,Không,,493752000,16
27,14516,2021-11-15,Good,22.0,Nam,Hưng Yên,Diễn viên,Đi làm,Đã kết hôn,VIP,,302,0.1,True,False,True,Không,26200.66294994623,398.0,173,114,70,313,False,0,5.0,6,9840946000,293214000,902024000.0,17993000.0,947595000,347060000,13384500,6312510,265,30,3,0.6339861050885314,Vấn đề khác,10,Sản phẩm nhận không đủ số lượng,Tiền mặt khi nhận hàng (COD),Cửa hàng trực tiếp,False,0.036938076955997,25,0.91,,14,0.1148718508948685,Thất thường,7838000,Đầu tư,Trên 1 tỷ,,800000000,Bất động sản thương mại,Có,35900000.0,398856000,8
28,11297,2022-08-29,Good,,Nữ,Hà Nội,Lập trình viên,Đi làm,Độc thân,VIP,634.0,335,0.1,False,True,True,Không,41849.49090144313,763.0,243,289,180,198,True,23,,13,1804570000,70223000,10440000.0,490228000.0,221916000,202947000,42765200,5007820,206,29,2,0.695785090303434,Sản phẩm không như hình ảnh minh họa,9,Sản phẩm đã hết hạn sử dụng,Chuyển khoản ngân hàng,Ứng dụng điện thoại di động,True,0.8633723364444466,73,0.65,642.0,22,0.907397323851994,Tạm ổn,1278000,Freelancer,Từ 300 triệu tới 1 tỷ,866000000.0,1400000000,Nhà ở chính,Có,,430992000,10
29,9740,2021-06-08,Good,75.0,Nam,Bình Dương,Đầu bếp,Thạc sĩ,Độc thân,VIP,870.0,385,0.1,False,True,False,Không,67831.55123926667,534.0,233,293,245,34,True,1,,3,1896320000,195552000,,307931000.0,326225000,887117000,60113800,4193170,215,60,2,0.2376092557201614,Sản phẩm không hoạt động đúng cách,1,Sản phẩm không đúng mô tả,Tiền mặt khi nhận hàng (COD),Giao diện thanh toán trực tuyến trên website,True,0.4959837380301066,23,0.12,271.0,12,0.478269758848552,Ổn định,7192000,,Dưới 300 triệu,987000000.0,1800000000,Đất đai,Không,46800000.0,536904000,20
30,908,2021-08-25,Good,21.0,Nam,Long An,Nhân viên,Đại học,Có gia đình,VIP,,723,0.05,False,True,False,Không,,,353,109,594,335,False,0,8.0,6,958268000,443564000,147822000.0,734214000.0,8297000,491463000,58052800,1169800,195,38,1,0.0822894595353689,Vấn đề khác,3,"Khách hàng đổi ý, không muốn mua nữa",Thanh toán bằng QR Code,Cổng thanh toán của bên thứ ba,False,0.931359270239502,63,0.84,367.0,9,0.0641922468634286,Rất ổn định,6697000,,Từ 300 triệu tới 1 tỷ,901000000.0,1000000000,Bất động sản thương mại,Có,,215556000,7
31,5054,2021-05-09,Good,,Nữ,Hà Nội,Biên tập viên,Đi làm,Đã kết hôn,VIP,996.0,530,0.1,False,False,False,Không,74425.96418290526,132.0,361,90,86,166,False,22,2.0,1,7208837000,239191000,362008000.0,833198000.0,357860000,656983000,59170100,9101550,27,15,2,0.5036310838059265,Sản phẩm giao muộn so với hẹn giao,13,Vấn đề khác,Tiền mặt khi nhận hàng (COD),Điểm thanh toán tự động,True,,71,0.95,822.0,41,0.967044374097451,Thất thường,1352000,Kinh doanh online,Trên 1 tỷ,942000000.0,800000000,Bất động sản thương mại,Không,39300000.0,295188000,22
32,1505,2022-09-29,Good,29.0,Nữ,Hải Phòng,Kỹ sư,Không có,Có 2 bé,VIP,,512,0.07,True,False,True,Không,72032.72539863357,103.0,207,22,248,994,True,3,5.0,7,9642784000,699951000,48666000.0,435277000.0,712551000,320073000,91783600,6766750,176,16,1,0.352635171084165,Dịch vụ không chuyên nghiệp,12,Sản phẩm nhận không đủ số lượng,Thanh toán bằng QR Code,Cổng thanh toán của bên thứ ba,True,0.1706243086323033,8,0.94,174.0,47,0.5491065860853714,Tạm ổn,3747000,,Trên 1 tỷ,920000000.0,1200000000,Nhà ở chính,Không,5700000.0,404160000,10
33,4797,2021-06-09,Good,66.0,Nam,Cần Thơ,Người mẫu,Sinh viên,Độc thân,VIP,,7,0.07,True,True,False,Không,30657.45757527102,,26,35,171,190,False,3,,11,884728000,539593000,290282000.0,709422000.0,615226000,766218000,61520400,3925940,77,76,55,0.4934382274325853,Vấn đề khác,2,Khách hàng không nhận được hàng,Tiền mặt khi nhận hàng (COD),Ứng dụng điện thoại di động,True,0.0199417076112203,49,0.47,841.0,43,0.1079286039593989,Thất thường,1678000,,Trên 3 tỷ,794000000.0,800000000,Bất động sản thương mại,Có,,507792000,20
34,7674,2022-12-10,Good,19.0,Nam,Hồ Chí Minh,Nhân viên,Trung học phổ thông,Đã kết hôn,VIP,,711,0.1,False,,True,Không,6767.390686783737,347.0,163,174,436,791,True,2,19.0,6,621975000,331679000,535525000.0,207432000.0,12643000,343196000,50430400,8609990,38,42,5,0.6348850860017508,Sản phẩm không như hình ảnh minh họa,9,Vấn đề khác,Chuyển khoản ngân hàng,Cổng thanh toán của bên thứ ba,False,0.979620515398563,51,0.11,908.0,45,0.8110262099685306,Tạm ổn,4883000,Kinh doanh online,Trên 3 tỷ,817000000.0,700000000,Căn hộ/Chung cư,Có,15000000.0,259116000,5
35,4592,2022-06-07,Good,18.0,Nam,Cần Thơ,Lập trình viên,Đi làm,Độc thân,VIP,959.0,548,0.1,False,True,True,Không,64918.60312698472,308.0,135,243,310,671,False,22,11.0,11,9991434000,636444000,762846000.0,,972955000,738066000,93858700,6976620,20,41,10,0.216389589020878,Vấn đề khác,13,Sản phẩm đã hết hạn sử dụng,Thanh toán bằng QR Code,Cổng thanh toán của bên thứ ba,False,0.7552192854699498,2,0.29,816.0,0,0.5596386733542232,Ổn định,5144000,,Trên 3 tỷ,,1400000000,Căn hộ/Chung cư,Không,,169008000,23
36,13115,2022-04-24,Good,28.0,Nữ,Bình Phước,Kiến trúc sư,Trung học phổ thông,Có gia đình,VIP,883.0,828,0.1,False,True,True,Không,73943.61033515721,877.0,323,173,544,544,False,18,,6,6743653000,246677000,447809000.0,,210037000,360753000,29849900,3858700,205,53,7,0.9501567473585378,Sản phẩm không hoạt động đúng cách,4,Sản phẩm không đúng mô tả,Thanh toán bằng QR Code,Ứng dụng điện thoại di động,False,0.7183723551098599,4,0.54,114.0,4,0.9928637766437683,Rất ổn định,6412000,Cho thuê,Từ 300 triệu tới 1 tỷ,963000000.0,1500000000,Căn hộ/Chung cư,Không,,84156000,8
37,5084,2021-07-26,Good,18.0,Nam,Bình Phước,Kỹ sư,Thạc sĩ,Độc thân,VIP,689.0,184,0.07,True,False,True,Không,68572.24845593264,,317,207,574,157,True,4,16.0,11,2281191000,649823000,2815000.0,85085000.0,407592000,309372000,22356000,1725800,26,54,1,0.7371140224013497,Sản phẩm không đáp ứng yêu cầu của khách hàng,7,Sản phẩm gửi sai,Thẻ tín dụng,Cổng thanh toán của bên thứ ba,True,0.1743448464721797,63,0.53,241.0,10,0.2791365986951292,Thất thường,9947000,,Trên 3 tỷ,838000000.0,700000000,Căn hộ/Chung cư,Có,19200000.0,571800000,19
38,6314,2022-08-27,Good,25.0,Nam,Hồ Chí Minh,Nhân viên,Đi làm,Độc thân,VIP,,711,0.1,False,False,False,Không,84830.42222920526,731.0,320,162,471,70,True,4,18.0,19,2611569000,971025000,368051000.0,,332032000,512373000,15080300,6535880,8,10,19,0.2637494414815552,Dịch vụ không chuyên nghiệp,7,Sản phẩm đã hết hạn sử dụng,Thanh toán qua cổng thanh toán trực tuyến,Cổng thanh toán của bên thứ ba,False,0.8933741191455308,59,,,8,0.7714308806569515,Tạm ổn,4613000,Đầu tư,Trên 3 tỷ,952000000.0,1200000000,Nhà ở chính,Không,30400000.0,264864000,2
39,1610,2022-10-09,Good,,Nữ,Đà Nẵng,Kỹ sư,Sinh viên,Độc thân,VIP,672.0,64,0.1,False,True,True,Không,78198.49347289104,,215,10,209,707,False,2,18.0,2,4322755000,300094000,402469000.0,,711871000,813649000,20668500,3752090,263,50,5,0.8942335403897212,Vấn đề khác,2,"Khách hàng đổi ý, không muốn mua nữa",Thanh toán qua cổng thanh toán trực tuyến,Điểm thanh toán tự động,True,0.3602407237723118,99,0.58,,13,0.3600852814840353,Tạm ổn,2288000,,Trên 1 tỷ,822000000.0,1800000000,Căn hộ/Chung cư,Không,,502212000,10
40,11367,2022-12-28,Good,23.0,Nữ,Hồ Chí Minh,Kỹ sư phần mềm,Không có,Có 1 bé,VIP,858.0,705,0.07,False,True,True,Không,9230.682569602466,,90,191,477,480,True,1,3.0,2,6065574000,596901000,378121000.0,320090000.0,576968000,504251000,41069800,4535550,24,44,41,0.3305349826716391,Sản phẩm không như hình ảnh minh họa,9,Sản phẩm không đúng mô tả,Chuyển khoản ngân hàng,Cửa hàng trực tiếp,True,0.9697199400337756,41,0.6,,21,0.9999953109960258,Rất ổn định,9421000,Đầu tư,Từ 300 triệu tới 1 tỷ,760000000.0,1900000000,Bất động sản thương mại,Có,,123696000,24
41,9545,2022-12-12,Good,23.0,Nam,Hà Nội,Lập trình viên,Đại học,Độc thân,VIP,634.0,125,0.07,False,,False,Không,27546.14008036964,504.0,253,261,453,978,False,2,8.0,2,7723951000,959141000,884356000.0,71134000.0,678968000,941661000,57552200,1721690,74,59,1,0.095031914898407,Sản phẩm không hoạt động đúng cách,4,"Khách hàng đổi ý, không muốn mua nữa",Chuyển khoản ngân hàng,Cửa hàng trực tiếp,False,,95,0.07,421.0,35,0.3684204840841742,Rất ổn định,4588000,,Từ 300 triệu tới 1 tỷ,817000000.0,1800000000,Bất động sản thương mại,Không,49700000.0,546324000,5
42,6999,2021-05-17,Good,29.0,Nữ,Đà Nẵng,Nhiếp ảnh gia,Đại học,Độc thân,VIP,561.0,219,0.07,False,True,False,Không,26230.158778569647,,8,179,498,883,True,15,,15,664887000,889679000,153072000.0,83240000.0,729594000,339109000,16650900,4339380,232,12,4,0.9547609304917029,Khách hàng không hài lòng với trải nghiệm mua hàng,12,Sản phẩm nhận không đủ số lượng,Thanh toán bằng QR Code,Cửa hàng trực tiếp,True,0.0954451062531872,19,0.2,,47,0.0656605935173273,Tạm ổn,1009000,Kinh doanh truyền thống,Dưới 300 triệu,926000000.0,1500000000,Nhà ở chính,Không,,556008000,11
43,1186,2021-02-02,Good,28.0,Nam,Hậu Giang,Người mẫu,Không có,Độc thân,VIP,521.0,180,0.1,True,True,False,Không,10824.559912734754,575.0,173,91,89,966,True,1,,17,182662000,562143000,856793000.0,,549079000,124625000,37771400,8091170,29,97,6,0.7749860136428065,Sản phẩm giao muộn so với hẹn giao,3,"Khách hàng đổi ý, không muốn mua nữa",Tiền mặt khi nhận hàng (COD),Ứng dụng điện thoại di động,False,0.8698555471370043,55,0.02,933.0,42,0.0582239427089514,Ổn định,1272000,,Dưới 300 triệu,824000000.0,1200000000,Nhà ở chính,Có,,293448000,19
44,9689,2021-03-23,Good,15.0,Nữ,Hà Nội,Bác sĩ,Sinh viên,Có 1 bé,VIP,806.0,289,0.1,False,False,True,Không,54801.20020337189,234.0,199,118,277,187,False,1,20.0,17,5415522000,368532000,120703000.0,855225000.0,690801000,340853000,36151500,1357920,276,50,20,0.4344875662505695,Sản phẩm không hoạt động đúng cách,12,Sản phẩm bị hỏng trong quá trình vận chuyển,Thanh toán bằng QR Code,Cổng thanh toán của bên thứ ba,True,0.8460634165214852,91,0.17,572.0,39,0.2781306650310075,Tạm ổn,4603000,,Trên 3 tỷ,747000000.0,1500000000,Bất động sản thương mại,,9500000.0,180936000,6
45,14624,2021-12-02,Good,,,Hồ Chí Minh,Lập trình viên,Đại học,Độc thân,VIP,513.0,90,0.05,True,,False,Không,6669.805321068035,881.0,192,23,181,584,True,2,12.0,12,4121704000,62586000,644324000.0,441497000.0,943529000,277057000,56060000,8842840,253,23,4,0.0279484785569953,Sản phẩm không như hình ảnh minh họa,8,Sản phẩm đã hết hạn sử dụng,Thanh toán bằng QR Code,Cổng thanh toán của bên thứ ba,False,,13,0.38,66.0,49,0.9934357952933174,Rất ổn định,6729000,Đầu tư,Dưới 300 triệu,780000000.0,1500000000,Nhà ở chính,Không,46700000.0,433788000,15
46,4965,2021-09-13,Good,,Nam,Hồ Chí Minh,Giám đốc,Đại học,Có gia đình,VIP,512.0,343,0.1,False,True,True,Không,533.3896167601604,685.0,190,80,453,55,True,0,,18,6283471000,266559000,549488000.0,98670000.0,546561000,427186000,47817000,8978000,106,93,1,0.908618315104296,Vấn đề khác,6,Sản phẩm nhận không đủ số lượng,Thẻ tín dụng,Ứng dụng điện thoại di động,True,0.4430831321038712,57,0.84,,39,0.2087106457517106,Tạm ổn,8992000,Kinh doanh online,Từ 300 triệu tới 1 tỷ,967000000.0,1100000000,Bất động sản thương mại,Có,27600000.0,593304000,2
47,1101,2022-03-18,Good,27.0,Nam,Đồng Nai,Ca sĩ,Sinh viên,Độc thân,VIP,780.0,208,0.1,True,True,True,Không,73801.56841807031,,261,87,224,771,False,23,,14,3567570000,486083000,835396000.0,359342000.0,100657000,696442000,35458900,4834970,20,21,5,0.4308541627321037,Vấn đề khác,2,"Khách hàng đổi ý, không muốn mua nữa",Thẻ tín dụng,Điểm thanh toán tự động,False,0.1504039567679936,28,0.66,902.0,42,0.0028241351157014,Ổn định,1851000,Kinh doanh online,Dưới 300 triệu,339000000.0,600000000,Bất động sản thương mại,Không,29500000.0,517620000,14
48,8943,2022-04-09,Good,25.0,Nam,Hà Nội,Ca sĩ,Sinh viên,Độc thân,VIP,,210,0.1,True,,False,Không,27419.650592661448,755.0,327,38,532,691,True,2,4.0,16,7702395000,601769000,121515000.0,716566000.0,851248000,899343000,4757000,2292560,153,26,5,0.9654642181590438,Sản phẩm không như hình ảnh minh họa,6,Vấn đề khác,Chuyển khoản ngân hàng,Cổng thanh toán của bên thứ ba,True,0.4060711741489171,46,0.81,243.0,38,0.8918804492230288,Ổn định,8618000,Đầu tư,Trên 1 tỷ,451000000.0,1900000000,Đất đai,Có,,385596000,9
49,3758,2021-12-24,Good,22.0,Nam,Tiền Giang,Kỹ sư phần mềm,Đại học,Độc thân,VIP,782.0,414,0.07,True,False,False,Không,73913.26417483983,501.0,22,106,217,600,True,0,15.0,16,6171869000,273693000,85062000.0,840778000.0,42108000,257760000,7521500,3640060,22,68,8,0.5747209068160068,Sản phẩm không hoạt động đúng cách,15,Sản phẩm bị hỏng trong quá trình vận chuyển,Thanh toán qua cổng thanh toán trực tuyến,Ứng dụng điện thoại di động,True,0.190022148316676,56,0.53,,42,0.0954908960627622,Ổn định,8616000,Đầu tư,Từ 300 triệu tới 1 tỷ,,1100000000,Căn hộ/Chung cư,Không,,418272000,12
50,3140,2022-09-22,Good,19.0,Nữ,Đà Nẵng,Designer,Đi làm,Độc thân,VIP,875.0,634,0.05,False,True,True,Không,4571.776951411033,551.0,254,161,318,91,False,22,13.0,5,7998261000,904331000,598634000.0,547740000.0,696265000,923803000,28483200,8049870,239,60,8,0.2263699774930232,Sản phẩm không hoạt động đúng cách,1,Khách hàng không nhận được hàng,Tiền mặt khi nhận hàng (COD),Giao diện thanh toán trực tuyến trên website,True,0.3474437691916827,24,0.38,366.0,47,0.8974597319920855,Rất ổn định,3060000,Đầu tư,Trên 3 tỷ,837000000.0,700000000,Đất đai,Không,10300000.0,263316000,5
51,10366,2022-07-24,Good,,Nam,Bà Rịa - Vũng Tàu,Nhân viên,Sinh viên,Có 1 bé,VIP,774.0,538,0.05,True,False,False,Không,,,360,263,552,414,True,5,4.0,10,1323064000,208975000,391526000.0,753742000.0,515324000,397098000,20601900,8025200,132,11,62,0.0833708486715734,Vấn đề khác,4,Sản phẩm nhận không đủ số lượng,Chuyển khoản ngân hàng,Cửa hàng trực tiếp,True,0.8132031915493131,87,0.24,5.0,23,0.3607633648550151,Thất thường,3068000,Cho thuê,Dưới 300 triệu,479000000.0,600000000,Căn hộ/Chung cư,Có,10100000.0,200232000,11
52,3757,2021-01-30,Good,27.0,Nam,Hồ Chí Minh,Kiến trúc sư,Trung học phổ thông,Độc thân,VIP,,203,0.07,False,False,True,Không,94493.51775884244,614.0,277,181,359,626,False,3,19.0,11,8247053000,577886000,209651000.0,695757000.0,207442000,662817000,95424100,3895830,66,91,3,0.4236929138011158,Sản phẩm không như hình ảnh minh họa,1,Sản phẩm nhận không đủ số lượng,Tiền mặt khi nhận hàng (COD),Giao diện thanh toán trực tuyến trên website,False,0.1765665129594644,47,0.2,670.0,25,0.3691163797679765,Ổn định,196000,Đầu tư,Từ 300 triệu tới 1 tỷ,886000000.0,1300000000,Căn hộ/Chung cư,Có,,322200000,13
53,10060,2022-04-05,Good,14.0,Nam,Hà Nội,Giáo viên,Đi làm,Độc thân,VIP,959.0,755,0.1,True,True,False,Không,69801.16318487235,388.0,265,162,218,17,True,2,8.0,12,9718602000,533721000,146230000.0,597289000.0,409535000,78962000,82845900,5264550,229,12,5,0.567009594160023,Sản phẩm không như hình ảnh minh họa,9,"Khách hàng đổi ý, không muốn mua nữa",Thanh toán qua cổng thanh toán trực tuyến,Giao diện thanh toán trực tuyến trên website,True,0.0683438507282873,19,0.16,627.0,22,0.024868668806425,Thất thường,610000,,Trên 3 tỷ,856000000.0,1400000000,Căn hộ/Chung cư,Không,25800000.0,575232000,3
54,852,2021-04-07,Good,25.0,Nam,Cần Thơ,Ca sĩ,Đi làm,Độc thân,VIP,,4,0.05,True,,False,Không,33458.2395169952,834.0,142,156,39,528,True,2,16.0,5,7511905000,179400000,854345000.0,261944000.0,924885000,403043000,89474700,9038550,217,63,1,0.4796259345451238,Sản phẩm không như hình ảnh minh họa,8,"Khách hàng đổi ý, không muốn mua nữa",Thẻ tín dụng,Cửa hàng trực tiếp,True,0.1529247931198407,80,0.89,,1,0.7410988336244885,Ổn định,3383000,,Từ 300 triệu tới 1 tỷ,941000000.0,1300000000,Căn hộ/Chung cư,Không,,171720000,9
55,379,2021-11-29,Good,33.0,Nam,Yên Bái,Giám đốc,Sinh viên,Độc thân,VIP,909.0,119,0.1,True,,False,Không,,221.0,206,147,524,942,False,23,10.0,13,1567782000,428181000,550255000.0,585455000.0,145558000,911810000,58232000,3154530,89,31,4,0.0739399405890779,Sản phẩm không đáp ứng yêu cầu của khách hàng,11,Sản phẩm gửi sai,Chuyển khoản ngân hàng,Cổng thanh toán của bên thứ ba,True,0.9814944565552888,28,0.93,743.0,20,0.0675110840402715,Ổn định,5764000,,Trên 1 tỷ,637000000.0,1700000000,Đất đai,Không,,19092000,15
56,2157,2021-01-16,Good,36.0,Nữ,Hồ Chí Minh,Kỹ sư,Đại học,Độc thân,VIP,784.0,462,0.07,True,True,False,Không,86767.68476186333,555.0,168,133,425,567,True,23,17.0,16,4392578000,161227000,,651837000.0,917811000,680392000,93547600,8210740,121,33,54,0.932138732737076,Sản phẩm giao muộn so với hẹn giao,9,Sản phẩm không đúng mô tả,Thanh toán qua cổng thanh toán trực tuyến,Điểm thanh toán tự động,False,0.5548041983988858,14,0.51,,25,0.6955144380349938,Rất ổn định,7668000,Cho thuê,Trên 3 tỷ,815000000.0,1200000000,Căn hộ/Chung cư,Có,,529260000,21
57,8115,2022-01-10,Good,29.0,Nam,Hà Nội,Giám đốc,Đại học,Độc thân,VIP,862.0,684,0.07,False,False,True,Không,54082.51813473357,837.0,268,154,461,981,True,3,19.0,14,5666695000,323644000,558059000.0,658128000.0,948280000,406266000,84099300,9415030,182,38,2,0.2494938306971731,Sản phẩm không như hình ảnh minh họa,14,Sản phẩm không đúng mô tả,Thanh toán qua cổng thanh toán trực tuyến,Giao diện thanh toán trực tuyến trên website,False,0.1517520009157889,69,0.73,407.0,19,0.2398072867734855,Tạm ổn,7099000,,Từ 300 triệu tới 1 tỷ,763000000.0,1300000000,Nhà ở chính,Không,,179928000,11
58,11449,2021-04-17,Good,,Nam,Lạng Sơn,Nhân viên,Đại học,Độc thân,VIP,821.0,382,0.07,False,True,True,Không,48785.85468659611,,39,195,376,506,False,9,20.0,5,7539020000,904930000,722860000.0,320742000.0,730098000,946314000,16180300,6370260,75,88,5,0.2482709601063781,Sản phẩm không hoạt động đúng cách,5,Sản phẩm bị hỏng trong quá trình vận chuyển,Thanh toán bằng QR Code,Cửa hàng trực tiếp,True,0.6771314220373781,31,0.7,43.0,46,0.2610079214433201,Ổn định,6808000,,Trên 1 tỷ,935000000.0,700000000,Nhà ở chính,Không,11500000.0,569256000,15
59,5434,2022-09-08,Good,28.0,Khác,Đà Nẵng,Nhân viên,Đại học,Độc thân,VIP,,239,0.05,True,False,True,Không,91422.23377377614,895.0,41,157,136,196,True,13,15.0,1,3888862000,345308000,220054000.0,299941000.0,518356000,956492000,73491400,8141260,36,21,8,0.1095449565932893,Vấn đề khác,2,Sản phẩm nhận không đủ số lượng,Thanh toán qua cổng thanh toán trực tuyến,Cổng thanh toán của bên thứ ba,False,0.4353827667121187,86,0.73,329.0,22,0.2564193238994833,Ổn định,3061000,,Trên 3 tỷ,548000000.0,1900000000,Căn hộ/Chung cư,Không,,116688000,16
60,6526,2022-10-26,Good,,Nữ,Hồ Chí Minh,Kiến trúc sư,Sinh viên,Đã kết hôn,VIP,514.0,252,0.1,True,False,False,Không,34657.28460932366,495.0,238,272,47,683,True,1,4.0,14,6162772000,568373000,751568000.0,,36857000,937552000,78123800,5988970,77,85,13,0.4568925223227708,Khách hàng không hài lòng với trải nghiệm mua hàng,15,Sản phẩm đã hết hạn sử dụng,Chuyển khoản ngân hàng,Giao diện thanh toán trực tuyến trên website,True,0.1559636774718218,65,0.39,621.0,21,0.04651543254284,Ổn định,6251000,,Dưới 300 triệu,,1200000000,Căn hộ/Chung cư,Không,44800000.0,542640000,13
61,5595,2021-01-05,Good,,Nữ,Trà Vinh,Nhân viên,Sinh viên,Độc thân,VIP,924.0,502,0.1,True,False,False,Không,51333.45764026696,638.0,339,43,153,958,True,4,,13,6330975000,137406000,193903000.0,192654000.0,636812000,965557000,86236100,4652850,75,45,1,0.8580379341645127,Vấn đề khác,12,Sản phẩm không đúng mô tả,Thanh toán qua cổng thanh toán trực tuyến,Giao diện thanh toán trực tuyến trên website,True,0.0564826511045105,80,0.66,566.0,10,0.5082306363091321,Ổn định,6882000,Kinh doanh truyền thống,Dưới 300 triệu,703000000.0,1600000000,Đất đai,Không,32900000.0,102396000,5
62,10131,2022-04-29,Good,21.0,Nam,Hà Nội,Giám đốc,Trung học phổ thông,Đã kết hôn,VIP,637.0,154,0.1,True,False,False,Không,26993.823968448192,420.0,351,94,286,242,True,23,4.0,11,922519000,689804000,583200000.0,,543707000,292312000,26288500,5909320,85,39,1,0.6503365643572321,Sản phẩm không đáp ứng yêu cầu của khách hàng,9,"Khách hàng đổi ý, không muốn mua nữa",Tiền mặt khi nhận hàng (COD),Điểm thanh toán tự động,True,,24,0.36,232.0,15,0.2451678945567645,Rất ổn định,6467000,,Trên 3 tỷ,998000000.0,100000000,Bất động sản thương mại,Có,,268560000,8
63,10308,2022-03-20,Bad,55.0,,Cần Thơ,Kỹ sư phần mềm,Đi làm,Đã kết hôn,VIP,,251,0.1,False,True,False,Không,,20.0,258,269,447,519,True,1,,19,8065592000,297757000,874539000.0,,41582000,29803000,83398800,8503220,154,44,67,0.47453718695748,Vấn đề khác,10,Sản phẩm đã hết hạn sử dụng,Chuyển khoản ngân hàng,Giao diện thanh toán trực tuyến trên website,False,0.4698608542458806,97,0.71,626.0,45,0.9377715916538084,Thất thường,8480000,Freelancer,Trên 1 tỷ,4000000.0,900000000,Căn hộ/Chung cư,Không,12100000.0,365340000,21
64,13657,2022-12-13,Good,37.0,Nữ,Hà Nội,Kỹ sư,Đi làm,Có 1 bé,VIP,,353,0.1,True,False,False,Không,38544.83692320394,740.0,278,127,444,339,True,4,,17,1830177000,892525000,490721000.0,465521000.0,641808000,989245000,63516800,911370,120,19,51,0.2730789578966909,Dịch vụ không chuyên nghiệp,13,Sản phẩm bị hỏng trong quá trình vận chuyển,Thẻ tín dụng,Cửa hàng trực tiếp,True,0.729017895548647,88,0.75,,33,0.4381285983995576,Thất thường,1473000,Kinh doanh online,Trên 3 tỷ,987000000.0,900000000,Bất động sản thương mại,Không,33800000.0,444324000,10
65,13701,2022-03-20,Good,32.0,Khác,Bình Dương,Người mẫu,Thạc sĩ,Đã kết hôn,VIP,896.0,22,0.07,False,,False,Không,,,138,167,241,820,True,0,7.0,12,4010569000,839787000,,,242567000,48117000,19068500,5365800,283,88,5,0.5041683021848524,Sản phẩm giao muộn so với hẹn giao,14,Khách hàng không nhận được hàng,Thanh toán qua cổng thanh toán trực tuyến,Ứng dụng điện thoại di động,False,0.251362140895554,14,0.72,740.0,20,0.0296440143322739,Tạm ổn,7970000,Đầu tư,Trên 1 tỷ,503000000.0,400000000,Bất động sản thương mại,Không,26500000.0,407796000,19
66,1633,2021-08-27,Good,57.0,,Hồ Chí Minh,Lập trình viên,Thạc sĩ,Đã kết hôn,VIP,629.0,472,0.07,False,False,False,Không,49089.48312480851,749.0,46,211,277,835,False,16,3.0,3,9663009000,735335000,692864000.0,874705000.0,78397000,130151000,56016400,8251250,51,20,8,0.1011834178252801,Sản phẩm không đáp ứng yêu cầu của khách hàng,6,Khách hàng không nhận được hàng,Chuyển khoản ngân hàng,Cổng thanh toán của bên thứ ba,True,0.612737055921037,22,0.66,728.0,25,0.5932523733694669,Ổn định,5883000,,Dưới 300 triệu,759000000.0,1400000000,Đất đai,Không,,92928000,11
67,11792,2021-08-09,Good,23.0,Nữ,Bình Dương,Kỹ sư phần mềm,Sinh viên,Độc thân,VIP,743.0,26,0.1,False,False,True,Không,74310.64624925719,,244,246,123,193,False,1,,19,6659709000,965781000,75060000.0,67967000.0,691628000,756128000,13308200,3132360,63,49,9,0.5938349781398882,Vấn đề khác,3,Sản phẩm gửi sai,Thanh toán qua cổng thanh toán trực tuyến,Ứng dụng điện thoại di động,False,0.9499642687146268,73,0.91,,23,0.1854360388016526,Thất thường,9074000,Đầu tư,Từ 300 triệu tới 1 tỷ,770000000.0,600000000,Đất đai,Có,3800000.0,121320000,3
68,11047,2022-06-07,Good,48.0,Nữ,Bình Dương,Nhiếp ảnh gia,Đại học,Đã kết hôn,VIP,,619,0.07,False,,False,Không,61478.196495606666,882.0,88,198,548,253,False,0,,11,1715785000,264367000,368805000.0,192626000.0,441043000,417457000,45957200,9907730,212,58,13,0.8415721967585799,Khách hàng không hài lòng với trải nghiệm mua hàng,13,Sản phẩm đã hết hạn sử dụng,Chuyển khoản ngân hàng,Điểm thanh toán tự động,True,0.0941973975089331,92,0.65,938.0,42,0.7627411175900934,Tạm ổn,6616000,Kinh doanh truyền thống,Từ 300 triệu tới 1 tỷ,422000000.0,1900000000,Nhà ở chính,Không,,333156000,12
69,2020,2021-04-30,Good,27.0,,Hà Giang,Lập trình viên,Đi làm,Độc thân,VIP,,315,0.07,False,False,False,Không,49746.473865770255,,172,25,78,527,True,4,1.0,2,8626533000,500376000,993873000.0,476873000.0,928742000,638016000,42967600,5220510,263,97,16,0.8283781601632801,Vấn đề khác,2,Vấn đề khác,Tiền mặt khi nhận hàng (COD),Điểm thanh toán tự động,True,0.7063308045457638,76,0.34,819.0,26,0.0425278896916149,Tạm ổn,9393000,Cho thuê,Từ 300 triệu tới 1 tỷ,892000000.0,1800000000,Bất động sản thương mại,Không,4400000.0,359796000,18
70,12213,2022-03-23,Good,27.0,Nam,Hà Nội,Kỹ sư,Sinh viên,Độc thân,VIP,540.0,7,0.1,False,False,False,Không,,770.0,224,118,22,758,True,23,14.0,5,1888774000,866048000,578484000.0,,212009000,157346000,44405600,7867640,14,34,10,0.8921089991059361,Sản phẩm không như hình ảnh minh họa,8,Sản phẩm đã hết hạn sử dụng,Thanh toán bằng QR Code,Cổng thanh toán của bên thứ ba,False,0.7768177324758523,94,0.26,642.0,39,0.3304146565305085,Thất thường,3353000,,Trên 3 tỷ,849000000.0,1500000000,Đất đai,Không,17400000.0,47592000,22
71,4996,2021-05-15,Good,,Nữ,Cần Thơ,Giám đốc,Sinh viên,Độc thân,VIP,797.0,614,0.05,True,False,False,Không,23744.258372898163,669.0,195,5,194,50,False,5,,8,6818285000,427076000,583702000.0,,915396000,169180000,73430100,7959790,275,78,2,0.0008044342229844,Sản phẩm giao muộn so với hẹn giao,9,Sản phẩm gửi sai,Thẻ tín dụng,Điểm thanh toán tự động,True,0.6925508475580959,67,0.21,615.0,24,0.3503121715765704,Tạm ổn,9246000,Kinh doanh truyền thống,Dưới 300 triệu,586000000.0,1600000000,Bất động sản thương mại,Không,37600000.0,129000000,8
72,8923,2021-02-03,Good,27.0,Nữ,Hòa Bình,Kiến trúc sư,Trung học phổ thông,Độc thân,VIP,,74,0.1,True,True,False,Không,39886.76206928637,770.0,203,80,74,136,True,23,11.0,12,6607160000,237533000,120378000.0,,944249000,232808000,50646500,5693500,243,74,1,0.0232824212533532,Sản phẩm không đáp ứng yêu cầu của khách hàng,14,Sản phẩm bị hỏng trong quá trình vận chuyển,Thanh toán qua cổng thanh toán trực tuyến,Giao diện thanh toán trực tuyến trên website,True,0.1924118863955614,81,0.26,783.0,48,0.8060535775810582,Ổn định,1153000,,Trên 3 tỷ,799000000.0,1500000000,Căn hộ/Chung cư,Không,,272484000,7
73,9683,2022-05-09,Good,27.0,Nữ,Bình Dương,Kỹ sư phần mềm,Đại học,Độc thân,VIP,,726,0.07,True,True,True,Không,19181.02259537946,373.0,323,157,81,431,True,2,,1,6266046000,833534000,946388000.0,354325000.0,758190000,308198000,72194800,6993970,28,13,18,0.8098924959678345,Sản phẩm giao muộn so với hẹn giao,2,Khách hàng không nhận được hàng,Chuyển khoản ngân hàng,Ứng dụng điện thoại di động,True,,28,0.76,,13,0.8929570552382716,Tạm ổn,2943000,Kinh doanh online,Trên 3 tỷ,790000000.0,600000000,Nhà ở chính,Không,25800000.0,249444000,14
74,6858,2022-10-19,Good,40.0,Nữ,Quảng Ninh,Công nhân,Sinh viên,Độc thân,VIP,663.0,112,0.1,True,True,True,,21516.24896202555,804.0,220,275,247,330,False,2,18.0,5,7845096000,666780000,644442000.0,,787491000,79260000,10431600,9336440,270,3,38,0.1403113558609594,Khách hàng không hài lòng với trải nghiệm mua hàng,3,Sản phẩm đã hết hạn sử dụng,Thanh toán qua cổng thanh toán trực tuyến,Cổng thanh toán của bên thứ ba,True,,1,,,18,0.9835903401325492,Tạm ổn,5494000,Cho thuê,Dưới 300 triệu,842000000.0,1500000000,Đất đai,Không,,190620000,2
75,10568,2022-12-15,Good,10.0,Khác,Bình Dương,Kỹ sư,Sinh viên,Độc thân,VIP,619.0,193,0.1,True,True,False,Không,35889.586250814,710.0,325,23,326,754,False,23,,6,8086848000,613976000,684610000.0,299420000.0,535593000,441318000,68223500,1966250,213,54,33,0.3080512140329468,Sản phẩm không như hình ảnh minh họa,14,Sản phẩm đã hết hạn sử dụng,Thẻ tín dụng,Cổng thanh toán của bên thứ ba,False,0.4877713084156118,59,0.3,621.0,5,0.6078955787941135,Tạm ổn,2849000,Cho thuê,Từ 300 triệu tới 1 tỷ,579000000.0,1500000000,Bất động sản thương mại,Có,38600000.0,224592000,16
76,14715,2021-10-20,Good,24.0,Nam,Bình Dương,Xây dựng,Sinh viên,Đã kết hôn,VIP,816.0,460,0.05,False,False,False,Không,94225.2947233462,797.0,129,249,334,398,True,0,2.0,4,4604298000,55268000,965915000.0,380635000.0,324663000,322642000,62595200,7643030,221,44,8,0.8076883014158637,Dịch vụ không chuyên nghiệp,8,Sản phẩm đã hết hạn sử dụng,Thanh toán qua cổng thanh toán trực tuyến,Cửa hàng trực tiếp,True,0.6451435509837092,3,0.86,518.0,30,0.5447405016072381,Ổn định,2599000,,Dưới 300 triệu,996000000.0,1900000000,Đất đai,Không,,64728000,5
77,6265,2022-03-16,Bad,32.0,Nữ,Hà Nội,Giám đốc,Đại học,Độc thân,VIP,877.0,565,0.05,False,True,False,Không,77665.58546604961,,289,226,138,842,False,4,16.0,8,1088350000,65141000,,25798000.0,965483000,231678000,93637600,6786460,5,58,65,0.257692640217555,Sản phẩm không đáp ứng yêu cầu của khách hàng,9,"Khách hàng đổi ý, không muốn mua nữa",Chuyển khoản ngân hàng,Cửa hàng trực tiếp,True,0.1495147601502037,56,0.89,835.0,47,0.2362325881468399,Tạm ổn,9538000,Freelancer,Từ 300 triệu tới 1 tỷ,6000000.0,1200000000,Bất động sản thương mại,Không,40100000.0,452736000,21
78,12367,2022-04-26,Good,39.0,Nữ,Hồ Chí Minh,Kỹ sư phần mềm,Trung học phổ thông,Độc thân,VIP,822.0,702,0.1,False,True,True,Không,12079.417640395272,583.0,123,156,3,788,False,0,,1,6754967000,527747000,225367000.0,,478014000,13403000,10640000,2135490,81,23,1,0.3297701384931598,Dịch vụ không chuyên nghiệp,2,Sản phẩm không đúng mô tả,Tiền mặt khi nhận hàng (COD),Cửa hàng trực tiếp,False,0.4492054603803435,8,,187.0,18,0.871567665297341,Thất thường,571000,Kinh doanh truyền thống,Dưới 300 triệu,500000000.0,900000000,Bất động sản thương mại,Không,,72144000,6
79,13819,2022-07-13,Good,,Nam,Vĩnh Long,Kỹ sư phần mềm,Trung học phổ thông,Độc thân,VIP,,334,0.05,True,,False,Không,43389.27554061162,392.0,90,187,199,809,False,0,11.0,16,8730862000,761144000,455737000.0,567623000.0,374059000,948144000,83777000,89450,24,45,1,0.0818537307878745,Dịch vụ không chuyên nghiệp,10,Sản phẩm gửi sai,Tiền mặt khi nhận hàng (COD),Điểm thanh toán tự động,False,0.9126478040909166,76,0.79,326.0,34,0.4348160183369719,Ổn định,7980000,Cho thuê,Trên 1 tỷ,851000000.0,1500000000,Bất động sản thương mại,Không,12200000.0,459828000,19
80,6071,2022-02-21,Good,39.0,Nữ,Thái Bình,Lập trình viên,Đi làm,Độc thân,VIP,,477,0.07,False,,True,Không,57944.83361454748,646.0,63,136,193,418,False,2,15.0,14,9332101000,529547000,641413000.0,539120000.0,591160000,718192000,41588200,40390,285,50,1,0.4388386708477526,Dịch vụ không chuyên nghiệp,2,"Khách hàng đổi ý, không muốn mua nữa",Tiền mặt khi nhận hàng (COD),Điểm thanh toán tự động,True,0.7648250902370048,72,0.38,,16,0.8620164590281322,Rất ổn định,8450000,,Từ 300 triệu tới 1 tỷ,932000000.0,1400000000,Nhà ở chính,Không,,525252000,15
81,8752,2021-09-22,Good,25.0,Nam,Quảng Trị,Lập trình viên,Sinh viên,Độc thân,VIP,719.0,576,0.1,True,,False,Không,61283.21121811624,,145,11,289,505,False,7,14.0,7,1049515000,257556000,263693000.0,717019000.0,264193000,111620000,21883200,1541960,300,44,23,0.1009408632984752,Sản phẩm giao muộn so với hẹn giao,6,Sản phẩm đã hết hạn sử dụng,Thẻ tín dụng,Điểm thanh toán tự động,False,0.4145818965587902,33,0.13,462.0,22,0.0366366794633798,Rất ổn định,8464000,Đầu tư,Trên 1 tỷ,181000000.0,1400000000,Nhà ở chính,Có,,288756000,2
82,3949,2022-11-04,Good,26.0,Nữ,Hồ Chí Minh,Giáo viên,Sinh viên,Độc thân,VIP,,312,0.1,True,,False,Không,80413.50717229513,,155,166,1,465,True,4,,1,6295528000,489018000,983955000.0,,219390000,404015000,61722300,7919770,190,73,1,0.4420716453448891,Vấn đề khác,4,Sản phẩm bị hỏng trong quá trình vận chuyển,Thẻ tín dụng,Điểm thanh toán tự động,False,0.747232362418498,89,0.88,691.0,14,0.906366600958628,Ổn định,5374000,Cho thuê,Trên 1 tỷ,436000000.0,1400000000,Căn hộ/Chung cư,Có,,288144000,24
83,8482,2022-10-14,Good,27.0,Nữ,Cần Thơ,Kỹ sư phần mềm,Đại học,Có 1 bé,VIP,756.0,186,0.1,True,True,False,Không,89922.46980506353,798.0,170,207,335,397,True,7,15.0,16,4328068000,937172000,275540000.0,,479458000,169514000,71391800,5499060,51,97,1,0.0782592522160011,Sản phẩm không đáp ứng yêu cầu của khách hàng,3,Khách hàng không nhận được hàng,Thanh toán qua cổng thanh toán trực tuyến,Cổng thanh toán của bên thứ ba,True,0.3109932880616683,58,0.69,810.0,28,0.7300050120201438,Ổn định,8335000,,Trên 3 tỷ,706000000.0,1500000000,Bất động sản thương mại,Có,,327156000,8
84,12014,2021-03-15,Good,11.0,,An Giang,Lập trình viên,Sinh viên,Có 2 bé,VIP,783.0,168,0.1,True,True,True,Không,52050.22211584912,,259,72,530,609,True,19,3.0,10,2620069000,76453000,103761000.0,644467000.0,271588000,454854000,29098700,777540,157,94,1,0.5599624962644912,Dịch vụ không chuyên nghiệp,10,Sản phẩm đã hết hạn sử dụng,Thanh toán qua cổng thanh toán trực tuyến,Giao diện thanh toán trực tuyến trên website,False,0.1148074877404237,87,0.54,746.0,43,0.2837323387859155,Tạm ổn,6856000,,Từ 300 triệu tới 1 tỷ,732000000.0,500000000,Nhà ở chính,Có,4100000.0,579456000,13
85,13382,2022-10-03,Good,25.0,Nữ,Hà Nội,Công nhân,Trung học phổ thông,Có 1 bé,VIP,774.0,476,0.05,True,True,True,Không,67580.97186287287,126.0,178,20,316,604,True,0,13.0,19,3880371000,787694000,312493000.0,235887000.0,76906000,295581000,87538400,7502500,214,65,2,0.8622966708749581,Khách hàng không hài lòng với trải nghiệm mua hàng,15,"Khách hàng đổi ý, không muốn mua nữa",Chuyển khoản ngân hàng,Cổng thanh toán của bên thứ ba,False,0.2396421346977478,86,0.65,,3,0.4518408081396295,Tạm ổn,9406000,Kinh doanh truyền thống,Trên 1 tỷ,907000000.0,1400000000,Đất đai,Có,44200000.0,331740000,5
86,12107,2022-01-21,Good,39.0,Nữ,Hồ Chí Minh,Lập trình viên,Đại học,Độc thân,VIP,686.0,323,0.07,True,True,True,Không,81035.90485059259,404.0,191,286,251,171,True,1,20.0,12,3234239000,168928000,875697000.0,428072000.0,591183000,191558000,10626900,6643780,12,43,2,0.6200996014951167,Sản phẩm giao muộn so với hẹn giao,8,Sản phẩm gửi sai,Thanh toán qua cổng thanh toán trực tuyến,Điểm thanh toán tự động,False,0.8417149047280538,2,0.33,895.0,10,0.8797702212093671,Ổn định,3919000,Cho thuê,Từ 300 triệu tới 1 tỷ,,1400000000,Đất đai,Có,31100000.0,539976000,17
87,12772,2022-05-01,Good,24.0,Nữ,Bà Rịa - Vũng Tàu,Lập trình viên,Sinh viên,Có gia đình,VIP,,27,0.1,False,True,True,Không,61514.30507993394,569.0,210,52,459,959,False,16,18.0,2,7975293000,400810000,,868516000.0,21942000,484850000,98090200,7136870,269,16,6,0.5883429559546436,Sản phẩm không đáp ứng yêu cầu của khách hàng,5,Sản phẩm gửi sai,Chuyển khoản ngân hàng,Ứng dụng điện thoại di động,True,0.7860298813740639,16,0.61,835.0,34,0.6941715352172259,Ổn định,6258000,,Dưới 300 triệu,,400000000,Đất đai,Không,30100000.0,326112000,1
88,794,2022-10-29,Good,32.0,Nữ,Sóc Trăng,Người mẫu,Sinh viên,Độc thân,VIP,847.0,561,0.07,True,,True,Không,94338.50836599394,,206,141,339,898,False,1,,1,3010137000,845212000,728443000.0,205917000.0,489936000,162275000,79172000,2433650,150,95,1,0.207435183800728,Vấn đề khác,15,Sản phẩm nhận không đủ số lượng,Chuyển khoản ngân hàng,Điểm thanh toán tự động,False,0.1879964913486147,91,0.43,,27,0.4229247690822401,Ổn định,3947000,Đầu tư,Trên 1 tỷ,664000000.0,300000000,Nhà ở chính,Không,6700000.0,65412000,5
89,12342,2021-10-12,Good,16.0,,Thái Bình,Nhân viên,Đi làm,Độc thân,VIP,,200,0.1,False,True,False,Không,24010.783331383533,704.0,92,68,452,806,True,21,13.0,19,4161717000,212544000,567826000.0,643951000.0,84069000,325067000,70099600,816610,251,40,4,0.8727357036302463,Sản phẩm không đáp ứng yêu cầu của khách hàng,2,Sản phẩm không đúng mô tả,Tiền mặt khi nhận hàng (COD),Cửa hàng trực tiếp,False,0.6788091706893115,19,0.86,760.0,46,0.6435658692179674,Tạm ổn,5324000,,Trên 1 tỷ,884000000.0,400000000,Căn hộ/Chung cư,Không,4000000.0,506928000,23
90,11197,2022-02-11,Good,28.0,Nữ,Cần Thơ,Công nhân,Đi làm,Đã kết hôn,VIP,873.0,413,0.07,False,False,False,Không,33684.73773363612,573.0,259,97,581,242,False,3,3.0,14,238165000,956522000,800991000.0,,706349000,806175000,11072200,7945100,204,3,19,0.3910100678285545,Sản phẩm không hoạt động đúng cách,13,Vấn đề khác,Thanh toán bằng QR Code,Giao diện thanh toán trực tuyến trên website,False,0.5866153505636793,94,0.26,617.0,8,0.0491928129371793,Tạm ổn,2124000,Đầu tư,Trên 3 tỷ,980000000.0,1800000000,Bất động sản thương mại,Có,36800000.0,140304000,2
91,8776,2022-08-23,Bad,23.0,Nữ,Bình Phước,Công nhân,Sinh viên,Có gia đình,VIP,,194,0.07,True,False,True,,16798.44318299435,563.0,215,166,99,942,True,5,18.0,16,5094631000,75401000,,,87156000,837987000,6621900,4700970,62,31,68,0.6080063514652452,Sản phẩm không hoạt động đúng cách,1,Sản phẩm gửi sai,Thẻ tín dụng,Ứng dụng điện thoại di động,True,0.0664441028034948,55,0.83,,44,0.83862672840516,Thất thường,4876000,Freelancer,Từ 300 triệu tới 1 tỷ,53000000.0,1000000000,Bất động sản thương mại,Có,33700000.0,401244000,20
92,4850,2021-04-15,Good,38.0,Nữ,Hồ Chí Minh,Bác sĩ,Sinh viên,Độc thân,VIP,508.0,481,0.05,True,False,True,Không,79937.78028441584,297.0,232,164,354,128,True,1,,4,8161131000,798263000,369610000.0,386458000.0,676341000,526828000,97848200,6753790,11,27,60,0.1544753650533677,Dịch vụ không chuyên nghiệp,3,Sản phẩm nhận không đủ số lượng,Thẻ tín dụng,Điểm thanh toán tự động,True,0.946802548319634,98,0.34,471.0,37,0.8538913000770394,Thất thường,3272000,,Trên 3 tỷ,704000000.0,300000000,Bất động sản thương mại,Có,,184992000,23
93,6904,2022-10-28,Good,27.0,Nam,Hồ Chí Minh,Kỹ sư phần mềm,Đại học,Độc thân,VIP,887.0,243,0.07,True,True,True,Không,,347.0,10,252,240,349,False,23,,9,3791754000,863203000,704185000.0,375832000.0,745970000,454733000,69798100,9609610,269,26,1,0.0715132939436655,Khách hàng không hài lòng với trải nghiệm mua hàng,15,"Khách hàng đổi ý, không muốn mua nữa",Tiền mặt khi nhận hàng (COD),Điểm thanh toán tự động,True,0.5993212754244317,41,0.93,702.0,31,0.0779305682171859,Tạm ổn,7920000,Cho thuê,Dưới 300 triệu,932000000.0,1100000000,Căn hộ/Chung cư,Có,21700000.0,382608000,3
94,876,2022-02-10,Good,18.0,Nam,Sóc Trăng,Nhân viên chăm sóc khách hàng,Thạc sĩ,Độc thân,VIP,,529,0.1,False,,True,Không,93956.62881932483,665.0,356,44,580,841,True,13,5.0,3,3901030000,223227000,692488000.0,410475000.0,291115000,916306000,7218800,5404630,201,50,3,0.4695820170695279,Dịch vụ không chuyên nghiệp,4,Khách hàng không nhận được hàng,Thanh toán bằng QR Code,Cửa hàng trực tiếp,False,0.4558596323792125,94,,257.0,6,0.8748213635241339,Rất ổn định,4835000,Cho thuê,Trên 1 tỷ,813000000.0,1300000000,Nhà ở chính,Có,500000.0,496872000,17
95,12796,2022-08-18,Bad,32.0,Nam,Bình Phước,Lập trình viên,Đại học,Độc thân,VIP,676.0,353,0.1,True,False,False,Có,23893.13217950578,536.0,141,248,343,166,False,22,,5,9548026000,934087000,193403000.0,,591859000,912651000,84791600,6618270,285,39,43,0.8339475727112853,Sản phẩm không như hình ảnh minh họa,6,"Khách hàng đổi ý, không muốn mua nữa",Thanh toán bằng QR Code,Điểm thanh toán tự động,True,0.5395442789870072,95,0.97,458.0,25,0.3456273873581864,Ổn định,6646000,,Dưới 300 triệu,1000000.0,1900000000,Đất đai,Không,,33672000,18
96,6657,2021-02-06,Good,29.0,Nữ,Thừa Thiên Huế,Giáo viên,Đi làm,Độc thân,VIP,809.0,25,0.07,False,,True,Không,8860.394572845087,500.0,253,88,29,960,True,21,3.0,6,3922033000,782256000,114606000.0,587567000.0,895542000,332624000,28023500,3964760,297,63,5,0.8978635555569633,Khách hàng không hài lòng với trải nghiệm mua hàng,9,Sản phẩm gửi sai,Chuyển khoản ngân hàng,Giao diện thanh toán trực tuyến trên website,True,0.8594012209010569,79,0.33,102.0,12,0.1992481147868552,Rất ổn định,8526000,Đầu tư,Từ 300 triệu tới 1 tỷ,683000000.0,1700000000,Đất đai,Không,34200000.0,399624000,12
97,11963,2022-03-07,Good,31.0,Nữ,Hồ Chí Minh,Lập trình viên,Đi làm,Độc thân,VIP,851.0,737,0.1,True,False,False,Không,9362.421409546228,219.0,203,31,222,958,False,21,5.0,8,5713304000,947302000,80560000.0,,543961000,329878000,19560400,2710030,38,86,13,0.4829280149232344,Sản phẩm không đáp ứng yêu cầu của khách hàng,2,Vấn đề khác,Thanh toán bằng QR Code,Cổng thanh toán của bên thứ ba,False,0.9310951074621134,23,0.22,,10,0.7812253853865967,Ổn định,4233000,Đầu tư,Trên 3 tỷ,864000000.0,1200000000,Bất động sản thương mại,Không,,543444000,8
98,3996,2021-08-04,Good,10.0,Nam,Bình Dương,Lập trình viên,Đại học,Có 1 bé,VIP,928.0,387,0.1,False,,True,Không,96793.90616953482,,178,152,189,595,False,1,4.0,9,458407000,493193000,595869000.0,363350000.0,603064000,347715000,8570900,5479940,217,26,4,0.4963304468161713,Vấn đề khác,9,Sản phẩm nhận không đủ số lượng,Tiền mặt khi nhận hàng (COD),Ứng dụng điện thoại di động,True,0.6830704210206986,76,,764.0,27,0.974709601267174,Tạm ổn,7072000,Đầu tư,Trên 1 tỷ,827000000.0,1800000000,Nhà ở chính,,,19500000,1
99,14912,2022-07-17,Good,28.0,,Đà Nẵng,Diễn viên,Đại học,Đã kết hôn,VIP,971.0,461,0.1,False,False,True,Không,54471.23175502703,,113,99,4,110,False,1,11.0,16,2446990000,93118000,67491000.0,713873000.0,537702000,892757000,84743400,2610180,248,86,3,0.1602985606557683,Sản phẩm giao muộn so với hẹn giao,15,Sản phẩm đã hết hạn sử dụng,Thanh toán qua cổng thanh toán trực tuyến,Cửa hàng trực tiếp,False,0.1573883513067873,11,0.18,,35,0.4592061057401196,Thất thường,7749000,,Trên 3 tỷ,746000000.0,1400000000,Căn hộ/Chung cư,Có,19500000.0,485712000,4
